id;name;sex;age_from;age_to;budget_limit;payment_type
5239034;Пенс_ART+SCB2-3дн_ИВА_90х_МЖ_55+_CPM;FM;55;75;;CPM
1075684;Пенсионеры Ремаркетинг gif 55+ 26.02;FM;20;75;500;CPC
1312391;Пенсионеры, РФ, Интересы, околотем;FM;45;75;;CPC
5228880;Ден_PKWSCB0-1дн_АДГ_1080х_МЖ_40-54_CPM;FM;40;54;;CPM
5319696;Ден_Working_рег01_1080х_Ж_45-54;F;45;54;;CPC
5336556;Ден_ART1-3дн_рег01_1080х_МЖ_45-54_CPM;FM;45;54;;CPM
5336971;Ден_SCB1-3дн_рег02_240х_МЖ_45-54_CPM;FM;45;54;;CPM
816965;Пенсионеры GIF Ремаркетинг 11.11 15-00;FM;12;75;500;CPC
4898549;Пенс_PKWART1-3дн_Рег_90х_МЖ_55+;FM;55;75;;CPC
822671;Пенсионеры GIF Ремаркетинг 13.11;FM;12;75;500;CPC
5146059;Ден_КлючиБренд_РегХИТ_90х_МЖ_40-44;FM;40;44;;CPC
816991;Пенсионеры GIF Ремаркетинг 11.11 17-00;FM;12;75;1000;CPC
5333110;Пенс_Вышка_рег03_1080х_Ж_55+;F;55;75;;CPC
5209639;Ден_КлючиКредит_КРА_90х_МЖ_40-54;FM;40;54;;CPC
576848;Экспресс (пенсионный) Ремаркетинг;FM;45;75;500;CPC
788295;Пенсионеры GIF Ремаркетинг 31.10 7-00;FM;12;75;500;CPC
5304065;Пенс_РМ3дн_рег02_1080х_Ж_55+;F;55;75;;CPC
4404474;Пенс_КлючиКредит_Рег_240х_МЖ_55+;FM;55;75;;CPC
4898721;Ден_PKWART1-3дн_Рег_90х_МЖ_45-54;FM;45;54;;CPC
5304156;Пенс_Доход5_рег03_1080х_Ж_55+;F;55;75;;CPC
3916776;Ден_РМ7дн_Рег_45-54;FM;45;54;;CPC
5146438;Пенс_PKWSCB1-3дн_maxCR_90х_МЖ_55+;FM;55;75;;CPC
5350023;Пенс_Доход4_рег04_1080х_Ж_45-54;F;45;54;;CPC
1040932;Пенсионеры Ремаркетинг 55+ 17.11 12-00;FM;20;75;1000;CPC
5348923;Ден_ART+SCB1-3дн_рег03_1080х_Ж_45-54;F;45;54;;CPC
4831495;Ден_Доход1_Рег_1080х_МЖ_45-54;FM;45;54;500;CPC
4459822;Пенс_РМ7дн_РегХИТ_90х_МЖ_55+;FM;55;75;;CPC
4472384;Ден_РМ-1080х607_РегЖЛТ_F_45+;F;45;75;;CPC
4041912;Ден_БТехника-1080х607_Рег_F_45+;F;45;75;3000;CPC
4906445;Ден_PKWART1-3дн_РегХИТ_240x_МЖ_45-54;FM;45;54;;CPC
411303;ММ_СРС_35-44;FM;35;44;;CPC
5228718;Ден_PKWART0-1дн_МАГ_1080х_МЖ_40-54_CPM;FM;40;54;;CPM
531376;Ремаркетинг Сибирь...;FM;45;75;;CPC
1238161;Пенсионный, ключи (банки), 14 дней;FM;55;75;500;CPC
3919275;Ден_КлючиКредит_Рег_F_45-54;F;45;54;;CPC
5048775;Пенс_РМ7дн_Рег_1080х_МЖ_55+_CPM;FM;55;75;500;CPM
5211311;Пенс_Без_НИЖ_1080х_МЖ_55+;FM;55;75;;CPC
5303635;Ден+_КлючиБренд_Все*_240х_Ж_45+;F;45;75;;CPC
1287790;20 лет стажа, НЕрм, ключи, Омск;FM;45;54;;CPC
571907;МССУ;F;45;75;500;CPC
5211290;Пенс_Без_ЧИТ_1080х_МЖ_55+;FM;55;75;;CPC
1040997;Пенсионеры Ремаркетинг 55+ 17.02 19-00;FM;55;75;1000;CPC
5206682;Ден_Working_регХИТ4_90х_МЖ_40-54;FM;40;54;;CPC
2707809;Ден_РМ30дн_МСК_90х_МЖ_35-44;FM;35;44;;CPC
5333816;Ден_Доход3_рег02_1080х_Ж_45-54;F;45;54;;CPC
5260900;Пенс_Доход_ХИТ05_1080х_МЖ_55+;FM;55;75;;CPC
5261487;Пенс_Married_ЖЛТ05_90х_МЖ_55+;FM;55;75;;CPC
4473702;Пенс_КлючиБренд_РегЖЛТ_90х_МЖ_55+;FM;55;75;;CPC
5336584;Пенс_ART1-3дн_рег04_1080х_МЖ_55+_CPM;FM;55;75;;CPM
527979;Центральная Россия + Северо-Запад;FM;45;75;500;CPC
5348429;Ден_ART+SCB0-1дн_рег02_1080х_Ж_45-54;F;45;54;;CPC
5255508;Ден_PKWART1-3дн_ХИТ05_90х_МЖ_40-54;FM;40;54;;CPC
788517;Пенсионеры GIF Ремаркетинг 31.10 9-00;FM;12;75;500;CPC
788233;Пенсионеры GIF Ремаркетинг 30.10 17-00;FM;12;75;500;CPC
4906169;Пенс_PKWART4-7дн_Рег_240x_МЖ_55+;FM;55;75;500;CPC
5256724;Пенс_ПотребКредит_ЖЛТ05_1080х_МЖ_55+;FM;55;75;;CPC
1272820;Пенсионеры, РМ, ключи, интересы, 21-35;FM;21;35;;CPC
787903;Пенсионеры GIF Ремаркетинг 30.10 15-00;FM;12;75;500;CPC
789947;Пенсионеры GIF 55+ 31.10 14-00;FM;55;75;500;CPC
849071;Пенсионеры Ремаркетинг 22.11;FM;13;75;3500;CPC
5260737;Ден_Married_ХИТ05_1080х_МЖ_40-54;FM;40;54;;CPC
3994495;Ден_РМ-1080х607_Рег_M_45+;M;45;75;;CPC
5146437;Пенс_PKWSCB4-7дн_maxCR_90х_МЖ_55+;FM;55;75;;CPC
5187161;Пенс_КлючиКредит_ЛО_90х_МЖ_55+;FM;55;75;;CPC
5332953;Пенс_РМ1дн_М-МО_1080х_МЖ_55+_4832288;FM;55;75;100000;CPC
3978008;Ден_КлючиКредит_Рег_240х_МЖ_45-54;FM;45;54;500;CPC
4459498;Ден_РМ-1080х607_РегХИТ_F_45+;F;45;75;;CPC
3918590;Ден_КлючиБренд_Рег_M_35-44;M;35;44;;CPC
5348958;Ден_NotMarr-Wokr_рег05_1080х_Ж_45-54;F;45;54;;CPC
4041887;Ден_Ремонт-1080х607_Рег_F_45+;F;45;75;3000;CPC
5348433;Ден_ART+SCB0-1дн_рег06_1080х_Ж_45-54;F;45;54;;CPC
753173;Пенсионеры Ремаркетинг+интересы 55+;FM;55;75;1000;CPC
838205;Пенсионеры GIF Ремаркетинг 19.11;FM;45;75;1000;CPC
5228688;Ден_PKWART0-1дн_КРЯ_1080х_МЖ_40-54_CPM;FM;40;54;;CPM
1280628;Пенсионеры, Расписание, Свердловская;FM;55;75;;CPC
5304047;Ден_РМ1дн_рег02_1080х_Ж_45-54;F;45;54;;CPC
5228895;Ден_PKWSCB0-1дн_МАГ_1080х_МЖ_40-54_CPM;FM;40;54;;CPM
5256744;Пенс_ART+SCB1-3дн_ЖЛТ05_1080х_МЖ_55+;FM;55;75;;CPC
1272809;Пенсионеры, 21-35, ключи (совком)_14;FM;21;35;;CPC
720469;20 лет стажа М 45+;M;45;54;1000;CPC
5350016;Ден_Доход4_рег04_1080х_Ж_45-54;F;45;54;;CPC
4829783;Ден_РМ1дн_РегХИТ_1080х_МЖ_45-54;FM;45;54;;CPC
1289603;Пенсионеры, Расписание, Краснодар;FM;45;75;;CPC
5319714;Пенс_Marr-NotWork_рег02_1080х_Ж_55+;F;55;75;;CPC
783344;Пенсионеры Ремаркетинг Ж и М 55+ ГЕО;FM;12;75;500;CPC
753168;Пенсионеры Ж и М 55+;FM;55;75;1000;CPC
5348967;Пенс_NotMarr-Wokr_рег04_1080х_Ж_55+;F;55;75;;CPC
5304051;Пенс_РМ1дн_рег02_1080х_Ж_55+;F;55;75;;CPC
1184242;Профкредит, ключи, 5 дней;FM;20;54;;CPC
3866371;Ден_КлючиКредит_Рег_90х_МЖ_55+;FM;55;75;;CPC
5261488;Ден_Married_ЖЛТ05_1080х_МЖ_40-54;FM;40;54;;CPC
5060021;Ден_PKWART8-30дн_Рег_90х_МЖ_45-54;FM;45;54;1000;CPC
5146026;Ден_PKWART1-3дн_РегХИТ_90х_МЖ_40-44;FM;40;44;;CPC
783131;Пенсионеры GIF Ремаркетинг 28.10;FM;12;75;500;CPC
571881;Экспресс кредит пенсионный;FM;45;75;500;CPC
4830903;Пенс_КлючиКредит_РегХИТ_1080х_МЖ_55+;FM;55;75;;CPC
5304050;Пенс_РМ1дн_рег01_1080х_Ж_55+;F;55;75;;CPC
4906412;Ден_PKWART1-3дн_Рег_240х_МЖ_45-54;FM;45;54;;CPC
5304036;Ден_PKWSCB1-3дн_рег03_1080х_Ж_45-54;F;45;54;;CPC
1041627;Пенсионеры 55+ 17.02 Екб;FM;55;75;1000;CPC
5228712;Ден_PKWART0-1дн_ВОЛ_1080х_МЖ_40-54_CPM;FM;40;54;;CPM
5182470;Пенс_PKWART1-7дн_ВОР_90х_МЖ_55+;FM;55;75;;CPC
5239026;Пенс_ART+SCB2-3дн_ЯРО_90х_МЖ_55+_CPM;FM;55;75;;CPM
1280621;Пенсионеры, неРМ, ключи, Новосиб;FM;45;75;;CPC
5332972;Ден_Доход5_рег02_1080х_Ж_45-54_5304147;F;45;54;;CPC
5238904;Пенс_ART+SCB0-1дн_ВОР_90х_МЖ_55+_CPM;FM;55;75;;CPM
4404492;Ден_РМ7дн_Рег_240х_МЖ_45-54;FM;45;54;;CPC
5083519;Пенс_PKWART1-3дн_регХИТ03_240х_МЖ_55+;FM;55;75;;CPC
5216496;Ден_Без_БУР_1080х_МЖ_40-54;FM;40;54;2000;CPC
4906103;Пенс_PKWART1-3дн_М-МО_240x_МЖ_55+;FM;55;75;;CPC
5261475;Пенс_Working_ЖЛТ05_1080х_МЖ_55+;FM;55;75;;CPC
5256722;Пенс_ПотребКредит_ЖЛТ05_90х_МЖ_55+;FM;55;75;;CPC
818065;Пенсионеры GIF Ремаркетинг 11.11 23-00;FM;12;75;5000;CPC
778327;Пенсионеры GIF М и Ж 55+;FM;55;75;500;CPC
5332967;Ден_ART+SCB1-3дн_ЖЛТ05_90х_МЖ_40-54_5256;FM;40;54;;CPC
4829279;Ден_РМ3дн_Рег_1080х_МЖ_45-54;FM;45;54;;CPC
411296;Кредиты;FM;35;75;14461;CPC
1272641;Пенсионеры, ремаркетинг, БЕЗ, ключи, 21;FM;45;75;;CPC
1255106;Пенсионеры, Интересы, topCITY, 15мая;FM;55;75;;CPC
4906254;Пенс_PKWART4-7дн_РегХИТ_240х_МЖ_55+;FM;55;75;;CPC
4459471;Ден_КлючиКредит_РегХИТ_90х_МЖ_35-44;FM;35;44;;CPC
5332959;Ден_ART1-3дн_Рег_240х_МЖ_45-54_4906412;FM;45;54;;CPC
4459504;Ден_РМ3дн_РегХИТ_90х_МЖ_45-54;FM;45;54;;CPC
4832250;Пенс_Быт_РегХИТ_1080х_МЖ_55+;FM;55;75;500;CPC
4459646;Ден_РМ-1080х607_РегХИТ_M_45+;M;45;75;;CPC
5146143;Ден_PKWSCB1-3дн_М-МО_90х_МЖ_45-54;FM;45;54;;CPC
5238903;Пенс_ART+SCB0-1дн_АДГ_90х_МЖ_55+_CPM;FM;55;75;;CPM
5209637;Ден_КлючиКредит_ТОМ_90х_МЖ_40-54;FM;40;54;;CPC
5319708;Ден_Marr-NotWork_рег01_1080х_Ж_45-54;F;45;54;;CPC
5339090;Пенс_ПотребКредит_рег03_1080х_М_55+;M;55;75;;CPC
5193876;Ден_PKWART1-7дн_ОМС_1080х_МЖ_40-54;FM;40;54;;CPC
5333131;Ден_Вышка_рег02_1080х_Ж_45-54;F;45;54;;CPC
838130;Пенсионеры Ремаркетинг 19.11;FM;13;75;1000;CPC
5183353;Ден_КлючиКредит_КОС_90х_МЖ_40-54;FM;40;54;;CPC
5266003;Ден_Доход_СПб_1080х_МЖ_35-39;FM;35;39;;CPC
4459583;Пенс_КлючиКредит_РегХИТ_240х_МЖ_55+;FM;55;75;;CPC
4404221;Ден_КлючиКредит_М-МО_240х_МЖ_45-54;FM;45;54;;CPC
5336974;Ден_SCB1-3дн_рег03_240х_МЖ_45-54_CPM;FM;45;54;;CPM
788294;Пенсионеры GIF Ремаркетинг 31.10 5-00;FM;12;75;500;CPC
5333182;Ден_TV2_рег01_1080х_Ж_45-54;F;45;54;;CPC
5348469;Пенс_ART+SCB0-1дн_рег02_1080х_Ж_55+;F;55;75;;CPC
4831529;Ден_Working_РегХИТ_1080х_МЖ_45-54;FM;45;54;;CPC
5260762;Пенс_Working_ХИТ05_90х_МЖ_55+;FM;55;75;;CPC
5258013;Пенс_КлючиТопмайл_ЖЛТ05_1080х_МЖ_55+;FM;55;75;;CPC
5332969;Ден_Доход_ТЕСТ05-1_1080х_МЖ_40-54_527627;FM;40;54;20000;CPC
1272797;Пенсионеры, 21-35, ключи, 5 дней;FM;21;35;;CPC
1075653;Пенсионеры 55+ 26.02 Ставрополь;FM;55;75;500;CPC
5332973;Пенс_Доход4_рег04_1080х_Ж_55+_5305554;F;55;75;;CPC
5348924;Ден_ART+SCB1-3дн_рег04_1080х_Ж_45-54;F;45;54;;CPC
822759;Пенсионеры GIF Ремаркетинг 13.11 16-00;FM;12;75;1000;CPC
5350028;Пенс_Доход4_рег04_1080х_Ж_55+;F;55;75;;CPC
810955;Пенсионеры Ремаркетинг Ж и М 08.11;FM;12;75;500;CPC
5348950;Ден_NotMarr-Wokr_рег02_1080х_Ж_45-54;F;45;54;;CPC
4473594;Ден_КлючиКредит_РегЖЛТ_M_45-54;M;45;54;;CPC
1246823;Пенсионный, около (сад), 14 дней;FM;55;75;500;CPC
1289622;Пенсионеры, Расписание, Кемерово;FM;45;75;;CPC
5348942;Пенс_ART+SCB1-3дн_рег06_1080х_Ж_55+;F;55;75;;CPC
3938352;Новая кампания 2014-12-04;FM;12;75;;CPC
4831889;Пенс_Married_РегХИТ_1080х_МЖ_55+;FM;55;75;;CPC
4832304;Пенс_РМ30дн_М-МО_1080х_МЖ_55+;FM;55;75;;CPC
5350018;Ден_Доход4_рег04_1080х_Ж_45-54;F;45;54;;CPC
4473203;Ден_Ключи_240*400_РегЖЛТ_M/F_45-54;FM;45;54;;CPC
5304019;Ден_PKWART1-3дн_рег03_1080х_Ж_45-54;F;45;54;;CPC
5339091;Пенс_ПотребКредит_рег04_1080х_М_55+;M;55;75;;CPC
5183348;Ден_КлючиКредит_КЕМ_90х_МЖ_40-54;FM;40;54;;CPC
3994238;Ден_КлючиБренд-1080x607_МскОбл_M_45+;M;45;75;3000;CPC
3919271;Ден_КлючиКредит_Рег_90х_M_45-54;M;45;54;500;CPC
5238917;Пенс_ART+SCB0-1дн_КЕМ_90х_МЖ_55+_CPM;FM;55;75;;CPM
607541;Max доход ремаркетинг;F;45;75;500;CPC
5252057;Пенс_PKWART1-7дн_ВЛА_1080х_МЖ_55+;FM;55;75;;CPM
5304063;Ден_РМ3дн_рег03_1080х_Ж_45-54;F;45;54;;CPC
5097502;Ден_PKWSCB8-30дн_maxCR_240х_МЖ_45-54;FM;45;54;500;CPC
1280615;Пенсионеры, неРМ, ключи, +7;FM;45;75;;CPC
1247959;20 лет стажа, РФ, Жен, РМ, 12мая;F;45;55;800;CPC
2707609;Ден_КлючиБренд_Рег_90х_МЖ_35-44;FM;35;44;;CPC
5335253;Пенс_ПотребКредит_рег04_1080х_Ж_55+;F;55;75;;CPC
3866155;Ден_КлючиКредит_МскОбл_45-54;FM;45;54;;CPC
720494;Пенсионеры Ремаркетинг М 55+;M;12;75;1500;CPC
5319699;Ден_Working_рег04_1080х_Ж_45-54;F;45;54;;CPC
5319702;Пенс_Working_рег02_1080х_Ж_55+;F;55;75;;CPC
5206707;Ден_PKWART1-7дн_ЧИТ_90х_МЖ_40-54;FM;40;54;;CPC
5048785;Ден_PKWART4-7дн_Рег_240х_МЖ_45-54_CPM;FM;45;54;500;CPM
5083664;Ден_PKWART8-30дн_Рег_1080х_МЖ_45-54;FM;45;54;;CPC
5319709;Ден_Marr-NotWork_рег02_1080х_Ж_45-54;F;45;54;;CPC
4041897;Ден_ДомДача-1080х607_Рег_F_45+;F;45;75;3000;CPC
816850;Пенсионеры GIF Ремаркетинг 11.11;FM;12;75;500;CPC
3918528;Ден_КлючиБренд_МСК_F_35-44;F;35;44;;CPC
4404461;Пенс_КлючиКредит_М-МО_240х_МЖ_55+;FM;55;75;;CPC
4459669;Ден_КлючиКредит_РегХИТ_90х_Ж_35-44;F;35;44;;CPC
3866437;Ден_КлючиБренд_Рег_55+;FM;55;75;;CPC
4459833;Пенс_РМ1дн_РегХИТ_90х_МЖ_55+;FM;55;75;;CPC
5183427;Пенс_КлючиКредит_НВС_90х_МЖ_55+;FM;55;75;;CPC
3919252;Ден_КлючиКредит_МСК_M_45-54;M;45;54;;CPC
5333183;Ден_TV2_рег02_1080х_Ж_45-54;F;45;54;;CPC
4831548;Ден_Доход3_РегХИТ_1080х_МЖ_45-54;FM;45;54;500;CPC
4472427;Ден_РМ1дн_РегЖЛТ_35-44;FM;35;44;;CPC
5332970;Пенс_Доход_ТЕСТ05-1_1080х_МЖ_55+_5276274;FM;55;75;20000;CPC
4472347;Ден_КлючиБренд_РегЖЛТ_35-44;FM;35;44;;CPC
5333149;Пенс_TV1_рег01_1080х_Ж_55+;F;55;75;;CPC
5228896;Ден_PKWSCB0-1дн_М-МО_1080х_МЖ_40-54_CPM;FM;40;54;;CPM
5303634;Ден+_КлючиБренд_Все*_240х_М_45+;M;45;75;;CPC
5228910;Ден_PKWSCB0-1дн_РЯЗ_1080х_МЖ_40-54_CPM;FM;40;54;;CPM
5343683;Пенс_TV1_рег04_1080х_Ж_55+;F;55;75;;CPC
5210769;Пенс_Без_УЛЬ_1080х_МЖ_55+;FM;55;75;;CPC
5083356;Пенс_PKWART4-7дн_регХИТ03_90х_МЖ_55+;FM;55;75;;CPC
5252054;Ден_КлючиКредит_ВЛА_1080х_МЖ_40-54;FM;40;54;;CPM
4829605;Пенс_РМ30дн_Рег_1080х_МЖ_55+;FM;55;75;;CPC
3916802;Пенс_РМ1дн_Рег_90х_МЖ_55+;FM;55;75;;CPC
5216505;Ден_Без_ТЮМ_1080х_МЖ_40-54;FM;40;54;2000;CPC
5211301;Пенс_Без_ТОМ_1080х_МЖ_55+;FM;55;75;;CPC
5304064;Пенс_РМ3дн_рег01_1080х_Ж_55+;F;55;75;;CPC
4404524;Пенс_РМ7дн_М-МО_240х_МЖ_55+;FM;55;75;;CPC
633600;6 месяцев бесплатно М;M;45;75;4500;CPC
411298;CPC_ММ;FM;35;75;;CPC
5211310;Пенс_Без_ОМС_1080х_МЖ_55+;FM;55;75;;CPC
5211277;Пенс_Без_АЛТ_1080х_МЖ_55+;FM;55;75;;CPC
5216488;Ден_Без_САХ_1080х_МЖ_40-54;FM;40;54;2000;CPC
3916811;Пенс_РМ3дн_Рег_90х_МЖ_55+;FM;55;75;500;CPC
4404572;Пенс_КлючиБренд_Рег_240х_МЖ_55+;FM;55;75;;CPC
4473622;Пенс_КлючиКредит_РегЖЛТ_90х_Ж_55+;F;55;75;;CPC
4905737;Пенс_PKWART1-3дн_РегХИТ_1080х_МЖ_55+;FM;55;75;;CPC
5332957;Ден_ART1-3дн_РегХИТ_90х_МЖ_45-54_4898677;FM;45;54;;CPC
4459843;Ден_РМ1дн_РегХИТ_90х_МЖ_45-54;FM;45;54;;CPC
1040983;Пенсионеры Ремаркетинг 55+ 17.02 18-00;FM;55;75;500;CPC
1273585;20 лет стажа, НЕремаркетинг, БЕЗ, ключи;FM;45;54;;CPC
5348471;Пенс_ART+SCB0-1дн_рег03_1080х_Ж_55+;F;55;75;;CPC
5180494;Ден_КлючиКредит_АМР_90х_МЖ_40-54;FM;40;54;;CPC
4473141;Пенс_КлючиБренд_РегЖЛТ_240х_МЖ_55+;FM;55;75;;CPC
2707999;Пенс_РМ30дн_Рег_90х_МЖ_55+;FM;55;75;;CPC
5228687;Ден_PKWART0-1дн_ТЮМ_1080х_МЖ_40-54_CPM;FM;40;54;;CPM
3916711;Ден_РМ3дн_Рег_35-44;FM;35;44;;CPC
5348946;Ден_NotMarr-Wokr_рег01_1080х_Ж_45-54;F;45;54;;CPC
4905540;Ден_PKWART1-3дн_М-МО_1080х_МЖ_45-54;FM;45;54;;CPC
5211312;Пенс_Без_ЛО_1080х_МЖ_55+;FM;55;75;;CPC
5146058;Ден_КлючиБренд_М-МО_90х_МЖ_40-44;FM;40;44;;CPC
3918547;Ден_КлючиБренд_МоскОбл_M_35-44;M;35;44;;CPC
3994063;Ден_КлючиКред-1080х607_МскОбл_F_45+;F;45;75;3000;CPC
5261474;Ден_Working_ЖЛТ05_90х_МЖ_55+;FM;40;54;;CPC
3918598;Ден_КлючиБренд_Рег_F_45-54;F;45;54;;CPC
3918545;Ден_КлючиБренд_МоскОбл_F_35-44;F;35;44;;CPC
5332949;Пенс_КлючиБренд_Рег_90х_МЖ_55+_2707996;FM;55;75;;CPC
5146436;Пенс_PKWSCB8-30дн_maxCR_90х_МЖ_55+;FM;55;75;;CPC
1273607;20 лет стажа, НЕремаркетинг, ключи, МСК;FM;45;54;;CPC
5319703;Пенс_Working_рег03_1080х_Ж_55+;F;55;75;;CPC
3916827;Пенс_РМ7дн_МСК_90х_МЖ_55+;FM;55;75;;CPC
4473638;Пенс_КлючиКредит_РегЖЛТ_90х_M_55+;M;55;75;;CPC
5228888;Ден_PKWSCB0-1дн_ВЛА_1080х_МЖ_40-54_CPM;FM;40;54;;CPM
827310;Вклады;FM;45;75;12775;CPC
607127;Max доход Москва;F;45;75;500;CPC
4898414;Пенс_PKWART1-3дн_М-МО_90х_МЖ_55+;FM;55;75;;CPC
4473676;Ден_РМ7дн_РегЖЛТ_35-44;FM;35;44;;CPC
5228691;Ден_PKWART0-1дн_ЯРО_1080х_МЖ_40-54_CPM;FM;40;54;;CPM
5211267;Пенс_Без_КОС_1080х_МЖ_55+;FM;55;75;;CPC
3916705;Ден_РМ3дн_Рег_90х_МЖ_45-54;FM;45;54;;CPC
5238893;Пенс_ART+SCB0-1дн_ХАБ_90х_МЖ_55+_CPM;FM;55;75;;CPM
5228692;Ден_PKWART0-1дн_ХАК_1080х_МЖ_40-54_CPM;FM;40;54;;CPM
411300;Мой Мир;F;18;44;;CPM
5211279;Пенс_Без_ВОР_1080х_МЖ_55+;FM;55;75;;CPC
5228713;Ден_PKWART0-1дн_ИВА_1080х_МЖ_40-54_CPM;FM;40;54;;CPM
4832288;Пенс_РМ1дн_М-МО_1080х_МЖ_55+;FM;55;75;3000;CPC
5239040;Пенс_ART+SCB2-3дн_КАМ_90х_МЖ_55+_CPM;FM;55;75;;CPM
4905690;Пенс_PKWART4-7дн_М-МО_1080х_МЖ_55+;FM;55;75;;CPC
498138;Test005;FM;18;44;;CPC
1289619;Пенсионеры, Расписание, Иркутск;FM;45;75;;CPC
5228873;Ден_PKWSCB0-1дн_КРЯ_1080х_МЖ_40-54_CPM;FM;40;54;;CPM
5265998;Ден_Доход_ЛО_1080х_МЖ_35-39;FM;35;39;;CPC
1040850;Пенсионеры Ремаркетинг 55+ 17.02;FM;20;75;1500;CPC
1272805;Пенсионеры, 21-35, ключи (совком)_3;FM;21;35;;CPC
822753;Пенсионеры GIF Ремаркетинг 13.11 15-00;FM;12;75;1000;CPC
1057546;Пенсионеры Ремаркетинг 55+ 17.02;FM;55;75;;CPC
5216498;Ден_Без_ТВЕ_1080х_МЖ_40-54;FM;40;54;2000;CPC
822771;Пенсионеры GIF Ремаркетинг 13.11 17-00;FM;12;75;1000;CPC
5258011;Ден_КлючиТопмайл_ЖЛТ05_90х_МЖ_40-54;FM;40;54;;CPC
816988;Пенсионеры GIF Ремаркетинг 11.11 16-00;FM;12;75;500;CPC
1246903;Пенсионеры, НЕрм, Интересы, РнД, 12мая;FM;55;75;;CPC
3866166;Ден_РМ30дн_МскОбл_45-54;FM;45;54;;CPC
1041723;Пенсионеры Рем-г 55+ 17.02 Стерлитамак;FM;55;75;;CPC
5228881;Ден_PKWSCB0-1дн_ВОР_1080х_МЖ_40-54_CPM;FM;40;54;;CPM
4832293;Пенс_РМ3дн_М-МО_1080х_МЖ_55+;FM;55;75;;CPC
5182368;Ден_PKWART1-7дн_ИРК_90х_МЖ_40-54;FM;40;54;;CPC
5211300;Пенс_Без_ТЮМ_1080х_МЖ_55+;FM;55;75;;CPC
5209618;Пенс_КлючиКредит_САМ_90х_МЖ_55+;FM;55;75;;CPC
2708152;DELETE;FM;30;54;500;CPC
1280629;Пенсионеры, неРМ, ключи, Свердловская;FM;55;75;;CPC
5183428;Пенс_КлючиКредит_ПРИ_90х_МЖ_55+;FM;55;75;;CPC
5216504;Ден_Без_ТОМ_1080х_МЖ_40-54;FM;40;52;;CPC
5124560;Пенс_КлючиПенс_МСК_90х_МЖ_55+_CPM;FM;55;75;1000;CPM
4404563;Пенс_КлючиБренд_М-МО_240х_МЖ_55+;FM;55;75;;CPC
639467;Кредит пенсионерам Кемерово;FM;45;75;1500;CPC
642101;6 месяцев бесплатно Щелково;FM;45;75;;CPC
5238891;Пенс_ART+SCB0-1дн_МАГ_90х_МЖ_55+_CPM;FM;55;75;;CPM
5333819;Ден_Доход3_рег03_1080х_Ж_45-54;F;45;54;;CPC
4472364;Ден_РМ30дн_РегЖЛТ_90х_МЖ_35-44;FM;35;44;;CPC
5211281;Пенс_Без_ИРК_1080х_МЖ_55+;FM;55;75;;CPC
4054763;Ден_Трафик-1080х607_МСК_F_45+;F;45;75;2000;CPC
3994247;Ден_КлючиБренд-1080x607_МскОбл_F_45+;F;45;75;3000;CPC
3919258;Ден_КлючиКредит_МскОбл_M_35-44;M;35;44;;CPC
820488;Пенсионеры GIF 55+ 12.11;FM;55;75;1000;CPC
4831999;Пенс_Доход3_РегХИТ_1080х_МЖ_55+;FM;55;75;500;CPC
598130;Кредит пенсионерам Москва;FM;45;75;500;CPC
4905721;Пенс_PKWART4-7дн_Рег_1080х_МЖ_55+;FM;55;75;;CPC
1184249;Профкредит, ключи, 10 дней;FM;20;54;;CPC
5238906;Пенс_ART+SCB0-1дн_САХ_90х_МЖ_55+_CPM;FM;55;75;;CPM
5060019;Ден_PKWART8-30дн_М-МО_90х_МЖ_45-54;FM;45;54;1000;CPC
4473193;Пенс_КлючиКредит_РегЖЛТ_240х_МЖ_55+;FM;55;75;;CPC
4829842;Ден_РМ7дн_РегХИТ_1080х_МЖ_45-54;FM;45;54;;CPC
642058;6 месяцев бесплатно Ж;F;45;75;;CPC
5238908;Пенс_ART+SCB0-1дн_ЯРО_90х_МЖ_55+_CPM;FM;55;75;;CPM
5146027;Ден_PKWART1-3дн_М-МО_90х_МЖ_40-44;FM;40;44;;CPC
3919243;Ден_КлючиКредит_МскОбл_M_45-54;M;45;54;;CPC
4473697;Ден_КлючиКредит_РегЖЛТ_45-54;FM;45;54;;CPC
3918549;Ден_КлючиБренд_МоскОбл_F_45-54;F;45;54;;CPC
5182369;Ден_PKWART1-7дн_ОМС_90х_МЖ_40-54;FM;40;54;;CPC
5350013;Ден_Доход4_рег04_1080х_Ж_45-54;F;45;54;;CPC
4905677;Пенс_PKWART1-3дн_М-МО_1080х_МЖ_55+;FM;55;75;;CPC
5255507;Ден_PKWART1-3дн_ХИТ05_1080х_МЖ_40-54;FM;40;54;;CPM
5350017;Ден_Доход4_рег04_1080х_Ж_45-54;F;45;54;;CPC
5256726;Ден_ART+SCB1-3дн_ЖЛТ05_1080х_МЖ_40-54;FM;40;54;;CPC
5238915;Пенс_ART+SCB0-1дн_ВЛА_90х_МЖ_55+_CPM;FM;55;75;;CPM
720491;Пенсионеры М 55+;M;55;75;500;CPC
4829999;Пенс_РМ7дн_РегХИТ_1080х_МЖ_55+;FM;55;75;;CPC
4473138;Ден_РМ30дн_РегЖЛТ_45-54;FM;45;54;;CPC
811006;20 лет стажа GIF Ремаркетинг+инт. 8.11;FM;12;75;1000;CPC
5335220;Ден_ПотребКредит_рег03_1080х_Ж_45-54;F;45;54;;CPC
5336560;Ден_ART1-3дн_рег03_1080х_МЖ_45-54_CPM;FM;45;54;;CPM
1081807;Пенсионеры Ремаркетинг 55+ 28.02;FM;20;75;;CPC
5209611;Пенс_PKWART1-7дн_САМ_90х_МЖ_55+;FM;55;75;;CPC
1231663;Пенсионеры, Группа: Банки, 03.05;FM;55;75;;CPC
886593;20 лет стажа М и Ж 45+ 6.12;FM;45;54;500;CPC
4473655;Пенс_РМ3дн_РегЖЛТ_90х_МЖ_55+;FM;55;75;;CPC
5239017;Пенс_ART+SCB2-3дн_ХАК_90х_МЖ_55+_CPM;FM;55;75;;CPM
2707818;Ден_РМ30дн_МО_90х_МЖ_35-44;FM;35;44;;CPC
5209623;Пенс_КлючиКредит_КРА_90х_МЖ_55+;FM;55;75;;CPC
1289624;Пенсионеры, Расписание, Екатеринбург;FM;45;75;;CPC
4459907;Пенс_РМ30дн_РегХИТ_90х_МЖ_55+;FM;55;75;;CPC
3919251;Ден_КлючиКредит_МСК_F_45-54;F;45;54;;CPC
5209643;Ден_PKWART1-7дн_САХ_90х_МЖ_40-54;FM;40;54;;CPC
5211297;Пенс_Без_ХАБ_1080х_МЖ_55+;FM;55;75;;CPC
5190421;Ден_PKWART1-7дн_ХАБ_1080х_МЖ_40-54;FM;40;54;;CPC
3916468;Ден_РМ1дн_МскОбл_35-44;FM;35;44;;CPC
3918540;Ден_КлючиБренд_МСК_M_45-54;M;45;54;;CPC
3918994;Пенс_КлючиКредит_МСК_М_55+;M;55;75;;CPC
5238896;Пенс_ART+SCB0-1дн_КОС_90х_МЖ_55+_CPM;FM;55;75;;CPM
5228891;Ден_PKWSCB0-1дн_ВОЛ_1080х_МЖ_40-54_CPM;FM;40;54;;CPM
5239039;Пенс_ART+SCB2-3дн_РЯЗ_90х_МЖ_55+_CPM;FM;55;75;;CPM
5209615;Пенс_PKWART1-7дн_ЛИП_90х_МЖ_55+;FM;55;75;;CPC
3866164;Ден_РМ30дн_МСК_45-54;FM;45;54;;CPC
3918655;Пенс_КлючиБренд_МскОбл_M_55+;M;55;75;;CPC
5211282;Пенс_Без_КРЯ_1080х_МЖ_55+;FM;55;75;;CPC
2706894;Пенс_КлючиПенс_МскОбл_55+;FM;55;75;500;CPC
5319697;Ден_Working_рег02_1080х_Ж_45-54;F;45;54;;CPC
3916793;Пенс_РМ1дн_МскОбл_55+;FM;55;75;;CPC
1298216;Пенсионеры, РМ, РФ, Муж;M;55;75;;CPC
1273619;20 лет стажа, ремаркетинг, ключи, МСК;FM;45;54;;CPC
1040950;Пенсионеры Ремаркетинг 55+ 17.02 14-00;FM;55;75;1000;CPC
3918538;Ден_КлючиБренд_МСК_F_45-54;F;45;54;;CPC
5182216;Ден_КлючиКредит_МСК_90х_МЖ_40-54;FM;40;54;;CPC
5216495;Ден_Без_НИЖ_1080х_МЖ_40-54;FM;40;54;2000;CPC
4832266;Ден_РМ3дн_М-МО_1080х_МЖ_45-54;FM;45;54;;CPC
1289620;Пенсионеры, Расписание, Самара;FM;45;75;;CPC
3916809;Пенс_РМ3дн_МСК_55+;FM;55;75;700;CPC
5238922;Пенс_ART+SCB0-1дн_ТЮМ_90х_МЖ_55+_CPM;FM;55;75;;CPM
5216493;Ден_Без_КОС_1080х_МЖ_40-54;FM;40;54;2000;CPC
3916774;Ден_РМ7дн_МСК_45-54;FM;45;54;;CPC
5216494;Ден_Без_ЛИП_1080х_МЖ_40-54;FM;40;54;2000;CPC
4041888;Ден_Ремонт-1080х607_МскОбл_F_45+;F;45;75;3000;CPC
4830775;Ден_КлючиКредит_РегХИТ_1080х_МЖ_45-54;FM;45;54;;CPC
3994242;Ден_КлючиБренд-1080x607_МСК_M_45+;M;45;75;3000;CPC
2706906;Ден_КлючиКредит_МСК_90х_МЖ_35-44;FM;35;44;;CPC
5266000;Ден_Доход_ЛО_1080х_МЖ_45-49;FM;45;49;;CPC
5339088;Пенс_ПотребКредит_рег04_1080х_М_45-54;M;45;54;;CPC
3994624;Ден_РМ-1080х607_МСК_M_35-44;M;35;44;3000;CPC
5180496;Ден_КлючиКредит_ВОР_90х_МЖ_40-54;FM;40;54;;CPC
1289631;Пенсионеры, Расписание, Оренбург;FM;55;75;;CPC
5183346;Ден_КлючиКредит_НВС_90х_МЖ_40-54;FM;40;54;;CPC
4459685;Ден_КлючиКредит_РегХИТ_M_45-54;M;45;54;;CPC
5228878;Ден_PKWSCB0-1дн_КОС_1080х_МЖ_40-54_CPM;FM;40;54;;CPM
5343697;Ден_TV1_рег03_1080х_Ж_45-54;F;45;54;;CPC
1272824;Пенсионеры, НЕрм, ключи, интересы, 21-35;FM;21;35;;CPC
5333145;Ден_TV1_рег02_1080х_Ж_45-54;F;45;54;;CPC
1263757;Пенсионеры, ремаркетинг, ключи, 19мая;FM;55;75;;CPC
4041889;Ден_Ремонт-1080х607_МСК_F_45+;F;45;75;3000;CPC
4459853;Ден_КлючиКредит_РегХИТ_90х_МЖ_55+;FM;55;75;;CPC
5238914;Пенс_ART+SCB0-1дн_АМР_90х_МЖ_55+_CPM;FM;55;75;;CPM
4832273;Ден_РМ7дн_М-МО_1080х_МЖ_45-54;FM;45;54;;CPC
5221401;Ден_Без_ТОМ_90х_МЖ_40-54;FM;40;54;2000;CPC
5228707;Ден_PKWART0-1дн_САХ_1080х_МЖ_40-54_CPM;FM;40;54;;CPM
4832299;Пенс_РМ7дн_М-МО_1080х_МЖ_55+;FM;55;75;;CPC
5265977;Пенс_Доход_ЛО_1080х_МЖ_55-59;FM;55;59;;CPC
3916796;Пенс_РМ1дн_МСК_55+;FM;55;75;;CPC
2708007;Пенс_РМ30дн_МО_90х_МЖ_55+;FM;55;75;;CPC
5216487;Ден_Без_ЯРО_1080х_МЖ_40-54;FM;40;54;2000;CPC
4830894;Пенс_КлючиБренд_РегХИТ_1080х_МЖ_55+;FM;55;75;;CPC
2708092;Пенс_КлючиБренд_МСК_90х_МЖ_55+;FM;55;75;;CPC
3994488;Ден_РМ-1080х607_МСК_F_45+;F;45;75;;CPC
4472207;Ден_КлючиКредит_РегЖЛТ_90х_МЖ_35-44;FM;35;44;2000;CPC
3919260;Ден_КлючиКредит_МскОбл_F_45-54;F;45;54;;CPC
5332963;Пенс_КлючиКредит_ОМС_90х_МЖ_55+_5180345;FM;55;75;;CPC
5265980;Пенс_Доход_СПб_1080х_МЖ_55-59;FM;55;59;;CPC
3919246;Ден_КлючиКредит_МСК_F_35-44;F;35;44;;CPC
5209610;Пенс_PKWART1-7дн_ТВЕ_90х_МЖ_55+;FM;55;75;;CPC
639317;Кредит пенсионерам Красноярск;FM;45;75;1500;CPC
5182467;Пенс_PKWART1-7дн_ТЮМ_90х_МЖ_55+;FM;55;75;;CPC
5209646;Ден_PKWART1-7дн_ЯРО_90х_МЖ_40-54;FM;40;54;;CPC
5348400;Ден_ARTSCB0-1дн_рег01_1080х_Ж_45-54;F;45;54;;CPM
5333132;Ден_Вышка_рег03_1080х_Ж_45-54;F;45;54;;CPC
4472407;Ден_РМ3дн_РегЖЛТ_45-54;FM;45;54;;CPC
5211291;Пенс_Без_ЯРО_1080х_МЖ_55+;FM;55;75;;CPC
5182471;Пенс_PKWART1-7дн_ИРК_90х_МЖ_55+;FM;55;75;;CPC
1250762;Пенсионеры, Интересы, МСК, Муж, 12мая;M;55;75;500;CPC
4831971;Пенс_Доход2_РегХИТ_1080х_МЖ_55+;FM;55;75;500;CPC
5183343;Ден_КлючиКредит_КРЯ_90х_МЖ_40-54;FM;40;54;;CPC
5335218;Ден_ПотребКредит_рег02_1080х_Ж_45-54;F;45;54;;CPC
1247902;20 лет стажа, МСК, Жен, РМ, 12мая;F;45;55;800;CPC
4473151;Ден_КлючиБренд_240*400_РегЖЛТ_M/F_45-54;FM;45;54;;CPC
633571;Больше и дешевле;F;45;75;3500;CPC
5304035;Ден_PKWSCB1-3дн_рег02_1080х_Ж_45-54;F;45;54;;CPC
5238916;Пенс_ART+SCB0-1дн_М-МО_90х_МЖ_55+_CPM;FM;55;75;;CPM
5193871;Пенс_PKWART1-7дн_ОМС_1080х_МЖ_55+;FM;55;75;;CPC
4905561;Ден_PKWART4-7дн_М-МО_1080х_МЖ_45-54;FM;45;54;;CPC
5209638;Ден_КлючиКредит_ЛИП_90х_МЖ_40-54;FM;40;54;;CPC
4829808;Ден_РМ3дн_РегХИТ_1080х_МЖ_45-54;FM;45;54;;CPC
1289627;Пенсионеры, Расписание, Челябинск;FM;45;75;;CPC
639771;Экспресс Челябинск;FM;45;75;;CPC
5239024;Пенс_ART+SCB2-3дн_ПРИ_90х_МЖ_55+_CPM;FM;55;75;;CPM
5180340;Пенс_КлючиКредит_ИРК_90х_МЖ_55+;FM;55;75;;CPC
5194010;Ден_PKWART1-7дн_М-МО_1080х_МЖ_40-54;FM;40;54;;CPC
1247898;20 лет стажа, МСК, Муж, РМ, 12мая;M;45;55;800;CPC
5333170;Пенс_TV2_рег03_1080х_Ж_55+;F;55;75;;CPC
5097376;Пенс_PKWSCB4-7дн_М-МО_240х_МЖ_55+;FM;55;75;500;CPC
817568;Пенсионеры GIF Ремаркетинг 11.11 19-00;FM;12;75;1000;CPC
4473579;Ден_КлючиКредит_РегЖЛТ_F_35-44;F;35;44;;CPC
5209633;Ден_КлючиКредит_ТВЕ_90х_МЖ_40-54;FM;40;54;;CPC
5183345;Ден_КлючиКредит_БУР_90х_МЖ_40-54;FM;40;54;;CPC
633617;6 месяцев бесплатно ремаркетинг;FM;45;75;;CPC
3916692;Ден_РМ3дн_МСК_45-54;FM;45;54;;CPC
4831547;Ден_Доход2_РегХИТ_1080х_МЖ_45-54;FM;45;54;500;CPC
5339081;Ден_ПотребКредит_рег04_1080х_М_45-54;M;45;54;;CPC
5348405;Ден_ARTSCB0-1дн_рег01_1080х_Ж_45-54;F;45;54;;CPM
5182469;Пенс_PKWART1-7дн_АМР_90х_МЖ_55+;FM;55;75;;CPC
665550;Б и Д Алтайский край Ж 45+;F;45;75;;CPC
3916825;Пенс_РМ7дн_МскОбл_55+;FM;55;75;;CPC
5239025;Пенс_ART+SCB2-3дн_САХ_90х_МЖ_55+_CPM;FM;55;75;;CPM
4832260;Ден_РМ1дн_М-МО_1080х_МЖ_45-54;FM;45;54;;CPC
5180490;Ден_КлючиКредит_ТЮМ_90х_МЖ_40-54;FM;40;54;;CPC
5180345;Пенс_КлючиКредит_ОМС_90х_МЖ_55+;FM;55;75;;CPC
4459840;Ден_РМ7дн_РегХИТ_90х_МЖ_35-44;FM;35;44;;CPC
5228887;Ден_PKWSCB0-1дн_САХ_1080х_МЖ_40-54_CPM;FM;40;54;;CPM
5190418;Ден_PKWART1-7дн_ХАБ_1080х_МЖ_40-54;FM;40;54;;CPC
5332951;Ден_РМ3дн_РегХИТ_1080х_МЖ_45-54_4829808;FM;45;54;;CPC
5211309;Пенс_Без_САМ_1080х_МЖ_55+;FM;55;75;;CPC
639787;Экспресс Красноярск;FM;45;75;;CPC
4832277;Ден_РМ30дн_М-МО_1080х_МЖ_45-54;FM;45;54;;CPC
5239022;Пенс_ART+SCB2-3дн_АДГ_90х_МЖ_55+_CPM;FM;55;75;;CPM
5059675;Пенс_PKWART8-30дн_М-МО_90х_МЖ_55+;FM;55;75;;CPC
5182364;Ден_PKWART1-7дн_ХАБ_90х_МЖ_40-54;FM;40;54;;CPC
4473700;Пенс_РМ30дн_РегЖЛТ_90х_МЖ_55+;FM;55;75;;CPC
5182472;Пенс_PKWART1-7дн_ОМС_90х_МЖ_55+;FM;55;75;;CPC
4404504;Ден_РМ7дн_М-МО_240х_МЖ_45-54;FM;45;54;2000;CPC
4404517;Пенс_РМ7дн_Рег_240х_МЖ_55+;FM;55;75;;CPC
5216489;Ден_Без_АМР_1080х_МЖ_40-54;FM;40;54;2000;CPC
5209636;Ден_КлючиКредит_ЯРО_90х_МЖ_40-54;FM;40;54;;CPC
5187159;Пенс_КлючиКредит_СПб_90х_МЖ_55+;FM;55;75;;CPC
1287757;20 лет стажа, НЕрм, ключи, Тула;FM;45;54;;CPC
5150431;Ден_Доход_РегХИТ2_240х_МЖ_40-54;FM;40;54;1000;CPC
5304052;Пенс_РМ1дн_рег03_1080х_Ж_55+;F;55;75;;CPC
5305435;Ден_Married_рег04_1080х_Ж_45-54;F;45;54;;CPC
411302;ОК_СРС_45+;FM;45;75;;CPC
4831538;Ден_Married_РегХИТ_1080х_МЖ_45-54;FM;45;54;500;CPC
5265978;Пенс_Доход_ЛО_1080х_МЖ_60-64;FM;60;64;;CPC
3916689;Ден_РМ3дн_МСК_35-44;FM;35;44;;CPC
1289647;Пенсионеры, Расписание, Владивосток;FM;45;75;;CPC
5097337;Ден_PKWSCB1-3дн_М-МО_240х_МЖ_45-54;FM;45;54;;CPC
3919254;Ден_КлючиКредит_МскОбл_F_35-44;F;35;44;;CPC
856774;20 лет стажа Ключи 26.11;FM;45;75;1000;CPC
3994621;Ден_РМ-1080х607_МСК_F_35-44;F;35;44;3000;CPC
5344978;Пенс_Кредит_МСК_90х_МЖ_55+_CPC;FM;55;75;500;CPC
1289608;Пенсионеры, Расписание, Воронеж;FM;45;75;;CPC
5239037;Пенс_ART+SCB2-3дн_АЛТ_90х_МЖ_55+_CPM;FM;55;75;;CPM
3994625;Ден_РМ-1080х607_МскОбл_F_35-44;F;35;44;3000;CPC
5083355;Пенс_PKWART8-30дн_регХИТ03_90х_МЖ_55+;FM;55;75;;CPC
1041718;Пенсионеры 55+ 17.02 Ставрополь;FM;55;75;1000;CPC
5149797;Ден_PKWSCB1-30дн_maxCR_1080х_МЖ_40-54;FM;40;54;;CPC
5211289;Пенс_Без_САХ_1080х_МЖ_55+;FM;55;75;;CPC
5180335;Пенс_КлючиКредит_ТЮМ_90х_МЖ_55+;FM;55;75;;CPC
5216508;Ден_Без_ЧИТ_1080х_МЖ_40-54;FM;40;54;2000;CPC
5304068;Ден_Married_рег01_1080х_Ж_45-54;F;45;54;;CPC
3866362;Ден_КлючиБренд_МскОбл_55+;FM;55;75;;CPC
1289636;Пенсионеры, Расписание, Хабаровск;FM;55;75;;CPC
5146140;Ден_PKWSCB8-30дн_М-МО_90х_МЖ_45-54;FM;45;54;;CPC
5304149;Ден_Доход5_рег03_1080х_Ж_45-54;F;45;54;;CPC
665549;Б и Д Республика Алтай Ж 45+;F;45;75;;CPC
5228893;Ден_PKWSCB0-1дн_КЕМ_1080х_МЖ_40-54_CPM;FM;40;54;;CPM
639336;Кредит пенсионерам Челябинск;FM;45;75;500;CPC
5238926;Пенс_ART+SCB0-1дн_РЯЗ_90х_МЖ_55+_CPM;FM;55;75;;CPM
5319710;Ден_Marr-NotWork_рег03_1080х_Ж_45-54;F;45;54;;CPC
5209612;Пенс_PKWART1-7дн_САХ_90х_МЖ_55+;FM;55;75;;CPC
2708004;Пенс_РМ30дн_МСК_90х_МЖ_55+;FM;55;75;;CPC
5228886;Ден_PKWSCB0-1дн_ПРИ_1080х_МЖ_40-54_CPM;FM;40;54;;CPM
5211326;Пенс_Без_КРА_1080х_МЖ_55+;FM;55;75;;CPC
855222;20 лет стажа Ремаркетинг 25.11;FM;12;75;1000;CPC
3918757;Пенс_КлючиКредит_МскОбл_F_55+;F;55;75;;CPC
5209621;Пенс_КлючиКредит_ТОМ_90х_МЖ_55+;FM;55;75;;CPC
5187162;Пенс_КлючиКредит_СПб_90х_МЖ_55+;FM;55;75;;CPC
5211302;Пенс_Без_ТВЕ_1080х_МЖ_55+;FM;55;75;;CPC
5097336;Ден_PKWSCB4-7дн_М-МО_240х_МЖ_45-54;FM;45;54;500;CPC
5228689;Ден_PKWART0-1дн_АМР_1080х_МЖ_40-54_CPM;FM;40;54;;CPM
527782;Москва и область;FM;45;75;500;CPC
5209635;Ден_КлючиКредит_САХ_90х_МЖ_40-54;FM;40;54;;CPC
5239019;Пенс_ART+SCB2-3дн_КОС_90х_МЖ_55+_CPM;FM;55;75;;CPM
4831665;Пенс_Доход2_Рег_1080х_МЖ_55+;FM;55;75;;CPC
5239023;Пенс_ART+SCB2-3дн_ВОР_90х_МЖ_55+_CPM;FM;55;75;;CPM
5336561;Ден_ART1-3дн_рег04_1080х_МЖ_45-54_CPM;FM;45;54;;CPM
1064519;Пенсионеры Ремаркетинг 55+ 24.02;FM;55;75;;CPC
5146177;Пенс_PKWSCB1-3дн_М-МО_90х_МЖ_55+;FM;55;75;;CPC
5305444;Ден_Доход5_рег04_1080х_Ж_45-54;F;45;54;;CPC
5304069;Ден_Married_рег02_1080х_Ж_45-54;F;45;54;;CPC
665552;Б и Д Кемеровская область Ж 45+;F;45;75;;CPC
1250735;20 лет стажа, МСК, Жен, РМ, 13мая;F;45;55;500;CPC
639351;Кредит пенсионерам Барнаул;FM;45;75;500;CPC
5266005;Ден_Доход_СПб_1080х_МЖ_45-49;FM;45;49;;CPC
5146176;Пенс_PKWSCB4-7дн_М-МО_90х_МЖ_55+;FM;55;75;;CPC
5333184;Ден_TV2_рег03_1080х_Ж_45-54;F;45;54;;CPC
5083518;Пенс_PKWART4-7дн_регХИТ03_240х_МЖ_55+;FM;55;75;;CPC
1280622;Пенсионеры, РМ, ключи, Новосиб;FM;55;75;;CPC
5183434;Пенс_КлючиКредит_ЧЕЛ_90х_МЖ_55+;FM;55;75;;CPC
5239015;Пенс_ART+SCB2-3дн_МАГ_90х_МЖ_55+_CPM;FM;55;75;;CPM
531406;Ремаркетинг Москва;FM;45;75;;CPC
5182214;Ден_КлючиКредит_МО_90х_МЖ_40-54;FM;40;54;;CPC
5304048;Ден_РМ1дн_рег03_1080х_Ж_45-54;F;45;54;;CPC
5206714;Ден_PKWART1-7дн_НИЖ_90х_МЖ_40-54;FM;40;54;;CPC
2706899;Ден_КлючиКредит_Рег_90х_МЖ_35-44;FM;36;44;;CPC
5304046;Ден_РМ1дн_рег01_1080х_Ж_45-54;F;45;54;;CPC
1298196;Пенсионеры, НЕрм, РФ, ключи, БЕЗ, М;M;55;75;;CPC
5182532;Пенс_PKWART1-7дн_МСК_90х_МЖ_55+;FM;55;75;;CPC
5304017;Ден_PKWART1-3дн_рег01_1080х_Ж_45-54;F;45;54;;CPC
4832222;Ден_Финансы_РегХИТ_1080х_МЖ_45-54;FM;45;54;500;CPC
5348403;Ден_ARTSCB0-1дн_рег01_1080х_Ж_45-54;F;45;54;;CPM
5333144;Ден_TV1_рег01_1080х_Ж_45-54;F;45;54;;CPC
5348431;Ден_ART+SCB0-1дн_рег04_1080х_Ж_45-54;F;45;54;;CPC
5206717;Пенс_PKWART1-7дн_НИЖ_90х_МЖ_55+;FM;55;75;;CPC
4829477;Пенс_РМ7дн_Рег_1080х_МЖ_55+;FM;55;75;;CPC
5097379;Пенс_PKWSCB1-3дн_М-МО_240х_МЖ_55+;FM;55;75;500;CPC
5333824;Пенс_Доход3_рег01_1080х_Ж_55+;F;55;75;;CPC
5216492;Ден_Без_ИРК_1080х_МЖ_40-54;FM;40;54;2000;CPC
5180338;Пенс_КлючиКредит_АМР_90х_МЖ_55+;FM;55;75;;CPC
4054866;Ден_Трафик-1080х607_МосОбл_F_45+;F;45;75;2000;CPC
638435;6 месяцев бесплатно Электросталь;FM;45;75;;CPC
5239035;Пенс_ART+SCB2-3дн_ТЮМ_90х_МЖ_55+_CPM;FM;55;75;;CPM
5228709;Ден_PKWART0-1дн_ВЛА_1080х_МЖ_40-54_CPM;FM;40;54;;CPM
5333146;Ден_TV1_рег03_1080х_Ж_45-54;F;45;54;;CPC
5305487;Ден_Доход4_рег04_1080х_Ж_45-54;F;45;54;;CPC
4459542;Ден_КлючиБренд_240*400_РегХИТ_M/F_45-54;FM;45;54;;CPC
1289625;Пенсионеры, Расписание, Пятигорск;FM;45;75;;CPC
5059671;Пенс_PKWART8-30дн_Рег_90х_МЖ_55+;FM;55;75;1000;CPC
5206713;Пенс_PKWART1-7дн_ЧИТ_90х_МЖ_55+;FM;55;75;;CPC
5256723;Пенс_ART+SCB1-3дн_ЖЛТ05_90х_МЖ_55+;FM;55;75;;CPC
5304070;Ден_Married_рег03_1080х_Ж_45-54;F;45;54;;CPC
5180497;Ден_КлючиКредит_ИРК_90х_МЖ_40-54;FM;40;54;;CPC
5209613;Пенс_PKWART1-7дн_ЯРО_90х_МЖ_55+;FM;55;75;;CPC
5228716;Ден_PKWART0-1дн_КАМ_1080х_МЖ_40-54_CPM;FM;40;54;;CPM
5209642;Ден_PKWART1-7дн_САМ_90х_МЖ_40-54;FM;40;54;;CPC
3916807;Пенс_РМ3дн_МскОбл_55+;FM;55;75;;CPC
3916462;Ден_РМ1дн_МскОбл_45-54;FM;45;54;;CPC
5146025;Ден_PKWART1-3дн_РФ_90х_МЖ_40-44;FM;40;44;;CPC
5097374;Пенс_PKWSCB8-30дн_М-МО_240х_МЖ_55+;FM;55;75;500;CPC
527997;Сибирь, Дальний Восток и Краснодарский к;FM;45;75;500;CPC
2708133;Ден_КлючиБренд_МСК_90х_МЖ_35-44;FM;35;44;;CPC
5303632;Ден+_КлючиБренд_Все*_1080х_М_45+;M;45;75;;CPC
5124709;Пенс_КлючиПенс_МСК_90х_МЖ_55+_CPM;FM;55;75;1000;CPM
3918526;Ден_КлючиБренд_МоскОбл_M_45-54;M;45;54;;CPC
5348969;Пенс_NotMarr-Wokr_рег06_1080х_Ж_55+;F;55;75;;CPC
862207;Пенсионеры Ремаркетинг Ж 55+ 28.11;F;55;75;3500;CPC
3994060;Ден_КлючиКредит-1080х607_МСК_F_45+;F;45;75;3000;CPC
5255494;Пенс_ПотребКредит_ХИТ05_90х_МЖ_55+;FM;55;75;;CPC
3916836;Пенс_РМ7дн_Рег_90х_МЖ_55+;FM;55;75;;CPC
5097507;Ден_PKWSCB1-3дн_maxCR_240х_МЖ_45-54;FM;45;54;;CPC
5206663;Ден_PKWART1-7дн_регХИТ4_90х_МЖ_40-54;FM;40;54;;CPC
5261472;Пенс_Working_ЖЛТ05_90х_МЖ_55+;FM;55;75;;CPC
788272;Пенсионеры GIF Ремаркетинг 30.10 19-00;FM;12;75;500;CPC
5348432;Ден_ART+SCB0-1дн_рег05_1080х_Ж_45-54;F;45;54;;CPC
5348959;Ден_NotMarr-Wokr_рег06_1080х_Ж_45-54;F;45;54;;CPC
5083359;Пенс_PKWART1-3дн_регХИТ03_90х_МЖ_55+;FM;55;75;;CPC
5255504;Ден_ПотребКредит_ХИТ05_90х_МЖ_40-54;FM;40;54;;CPC
5333109;Пенс_Вышка_рег02_1080х_Ж_55+;F;55;75;;CPC
1238158;Пенсионный, ключи (нет денег), 14 дней;FM;55;75;;CPC
3866182;Ден_КлючиБренд_МСК_45-54;FM;45;54;;CPC
1263587;Пенсионеры, НЕрм, ключи, интересы, 19мая;FM;55;75;;CPC
1289668;Пенсионеры, Расписание, НН;FM;45;75;;CPC
817574;Пенсионеры GIF Ремаркетинг 11.11 20-00;FM;12;75;500;CPC
3918587;Ден_КлючиБренд_Рег_M_45-54;M;45;54;;CPC
1134548;20 лет стажа, М и Ж, 20-54, РМ, 17.03;FM;45;54;500;CPC
4830855;Пенс_КлючиБренд_Рег_1080х_МЖ_55+;FM;55;75;;CPC
4831411;Ден_Working_Рег_1080х_МЖ_45-54;FM;45;54;;CPC
5228710;Ден_PKWART0-1дн_АЛТ_1080х_МЖ_40-54_CPM;FM;40;54;;CPM
836014;Пенсионеры Ремаркетинг 18.11;FM;12;75;500;CPC
816910;Пенсионеры GIF Ремаркетинг 11.11 12-00;FM;12;75;500;CPC
5183347;Ден_КлючиКредит_ПРИ_90х_МЖ_40-54;FM;40;54;;CPC
3866364;Ден_КлючиКредит_МскОбл_55+;FM;55;75;;CPC
5261435;Пенс_Доход_ЖЛТ05_90х_МЖ_55+;FM;55;75;;CPC
4832236;Пенс_Финансы_Рег_1080х_Ж_55+;F;55;75;;CPC
5083527;Ден_PKWART1-3дн_РегХИТ03_240х_МЖ_45-54;FM;45;54;;CPC
5228890;Ден_PKWSCB0-1дн_АЛТ_1080х_МЖ_40-54_CPM;FM;40;54;;CPM
3866178;Ден_КлючиБренд_МскОбл_45-54;FM;45;54;;CPC
5228694;Ден_PKWART0-1дн_ТАТ_1080х_МЖ_40-54_CPM;FM;40;54;;CPM
5228875;Ден_PKWSCB0-1дн_ХАБ_1080х_МЖ_40-54_CPM;FM;40;54;;CPM
5255496;Пенс_ПотребКредит_ХИТ05_1080х_МЖ_55+;FM;55;75;;CPC
3994249;Ден_КлючиБренд-1080x607_Рег_M_45+;M;45;75;3000;CPC
5180339;Пенс_КлючиКредит_ВОР_90х_МЖ_55+;FM;55;75;;CPC
4905581;Ден_PKWART1-3дн_Рег_1080х_МЖ_45-54;FM;45;54;;CPC
787161;Пенсионеры GIF Ремаркетинг 30.10 12-00;FM;12;75;1000;CPC
5333133;Ден_Вышка_рег04_1080х_Ж_45-54;F;45;54;;CPC
5319716;Пенс_Marr-NotWork_рег04_1080х_Ж_55+;F;55;75;;CPC
5146141;Ден_PKWSCB4-7дн_М-МО_90х_МЖ_45-54;FM;45;54;;CPC
5255502;Ден_PKWSCB1-3дн_ХИТ05_1080х_МЖ_40-54;FM;40;54;;CPM
835037;Пенсионеры GIF Ремаркетинг 18.11 12-00;FM;45;75;1000;CPC
1246847;Пенсионеры, Интересы, МСК, Жен, 12мая;F;55;75;500;CPC
640520;Экспресс Оренбург;FM;45;75;;CPC
5182367;Ден_PKWART1-7дн_ВОР_90х_МЖ_40-54;FM;40;54;;CPC
5048833;Пенс_РМ30дн_РегХИТ_90х_МЖ_55+_CPM;FM;55;75;500;CPM
1289691;Пенсионеры, Расписание, Уфа;FM;45;75;;CPC
640473;Экспресс Кемерово;FM;45;75;;CPC
5209634;Ден_КлючиКредит_САМ_90х_МЖ_40-54;FM;40;54;;CPC
862194;Пенсионеры Ремаркетинг Ж 28.11;F;12;75;500;CPC
3916465;Ден_РМ1дн_МСК_45-54;FM;45;54;;CPC
5239036;Пенс_ART+SCB2-3дн_ВОЛ_90х_МЖ_55+_CPM;FM;55;75;;CPM
5211268;Пенс_Без_ЧЕЛ_1080х_МЖ_55+;FM;55;75;;CPC
3918657;Пенс_КлючиБренд_МСК_F_55+;F;55;75;;CPC
817999;Пенсионеры GIF Ремаркетинг 11.11 22-00;FM;12;75;500;CPC
4831732;Пенс_Доход3_Рег_1080х_МЖ_55+;FM;55;75;500;CPC
5265996;Пенс_Доход_СПб_1080х_МЖ_60-64;FM;60;64;;CPC
1177114;Профкредит, ключи около тематические;FM;20;54;;CPC
3916775;Ден_РМ7дн_МскОбл_35-44;FM;35;44;;CPC
4829881;Ден_РМ30дн_РегХИТ_1080х_МЖ_45-54;FM;45;54;;CPC
5216506;Ден_Без_ХАБ_1080х_МЖ_40-54;FM;40;54;2000;CPC
5149805;Ден_PKWSCB8-30дн_М-МО_1080х_МЖ_40-54;FM;40;54;;CPC
5097334;Ден_PKWSCB8-30дн_М-МО_240х_МЖ_45-54;FM;45;54;;CPC
4404558;Ден_КлючиБренд_240*400_МСК+Обл_M/F_45-54;FM;45;54;;CPC
1289633;Пенсионеры, Расписание, Чита;FM;45;75;;CPC
5228706;Ден_PKWART0-1дн_ПРИ_1080х_МЖ_40-54_CPM;FM;40;54;;CPM
1289602;Пенсионеры, Расписание, Красноярск;FM;45;75;;CPC
3994620;Ден_РМ-1080х607_МскОбл_M_35-44;M;35;44;3000;CPC
5333185;Ден_TV2_рег04_1080х_Ж_45-54;F;45;54;;CPC
4906353;Ден_PKWART1-3дн_М-МО_240x_МЖ_45-54;FM;45;54;;CPC
1258559;20 лет стажа, worstSITY, РМ, 16мая;FM;45;55;;CPC
5333152;Пенс_TV1_рег03_1080х_Ж_55+;F;55;75;;CPC
5350014;Ден_Доход4_рег04_1080х_Ж_45-54;F;45;54;;CPC
3918661;Пенс_КлючиБренд_МскОбл_F_55+;F;55;75;;CPC
4906386;Ден_PKWART4-7дн_М-МО_240x_МЖ_45-54;FM;45;54;;CPC
5339077;Ден_ПотребКредит_рег04_1080х_М_45-54;M;45;54;;CPC
5182223;Пенс_КлючиКредит_МО_90х_МЖ_55+;FM;55;75;;CPC
5348954;Ден_NotMarr-Wokr_рег03_1080х_Ж_45-54;F;45;54;;CPC
5216491;Ден_Без_КЕМ_1080х_МЖ_40-54;FM;40;54;2000;CPC
5211313;Пенс_Без_ЛИП_1080х_МЖ_55+;FM;55;75;;CPC
5211278;Пенс_Без_БУР_1080х_МЖ_55+;FM;55;75;;CPC
5211295;Пенс_Без_АМР_1080х_МЖ_55+;FM;55;75;;CPC
1287846;20 лет стажа, НЕрм, ключи, Липецк;FM;45;54;;CPC
5083574;Ден_PKWART8-30дн_М-МО_1080х_МЖ_45-54;FM;45;54;;CPC
5083525;Ден_PKWART8-30дн_регХИТ03_240х_МЖ_45-54;FM;45;54;;CPC
4473694;Ден_КлючиКредит_РегЖЛТ_90х_МЖ_55+;FM;55;75;;CPC
5238920;Пенс_ART+SCB0-1дн_ИВА_90х_МЖ_55+_CPM;FM;55;75;;CPM
5265999;Ден_Доход_ЛО_1080х_МЖ_40-44;FM;40;44;;CPC
5228894;Ден_PKWSCB0-1дн_КАМ_1080х_МЖ_40-54_CPM;FM;40;54;;CPM
4905639;Ден_PKWART4-7дн_РегХИТ_1080х_МЖ_45-54;FM;45;54;;CPC
5190423;Ден_PKWART1-7дн_ХАБ_1080х_МЖ_40-54;FM;40;54;;CPC
5238913;Пенс_ART+SCB0-1дн_КРА_90х_МЖ_55+_CPM;FM;55;75;;CPM
1280624;Пенсионеры, неРМ, ключи, +3;FM;45;75;;CPC
5182228;Пенс_КлючиКредит_МСК_90х_МЖ_55+;FM;55;75;;CPC
3994061;Ден_КлючиКредит-1080х607_МСК_M_45+;M;45;75;3000;CPC
3916686;Ден_РМ3дн_МскОбл_45-54;FM;45;54;;CPC
5266001;Ден_Доход_ЛО_1080х_МЖ_50-54;FM;50;54;;CPC
5228879;Ден_PKWSCB0-1дн_ТАТ_1080х_МЖ_40-54_CPM;FM;40;54;;CPM
5209645;Ден_PKWART1-7дн_КРА_90х_МЖ_40-54;FM;40;54;;CPC
5228690;Ден_PKWART0-1дн_ХАБ_1080х_МЖ_40-54_CPM;FM;40;54;;CPM
2706908;Ден_КлючиКредит_МО_90х_МЖ_35-44;FM;35;44;;CPC
639328;Кредит пенсионерам Иркутск;FM;45;75;1500;CPC
5304147;Ден_Доход5_рег02_1080х_Ж_45-54;F;45;54;;CPC
5182366;Ден_PKWART1-7дн_АМР_90х_МЖ_40-54;FM;40;54;;CPC
4473648;Пенс_РМ7дн_РегЖЛТ_90х_МЖ_55+;FM;55;75;;CPC
1287680;20 лет стажа, НЕрм, ключи, Новосиб;FM;45;54;;CPC
2708122;DELETE;FM;55;75;500;CPC
5252056;Пенс_КлючиКредит_ВЛА_1080х_МЖ_55+;FM;55;75;;CPM
1237942;Пенсионеры, ключи, 5 дней;FM;20;75;;CPC
5238894;Пенс_ART+SCB0-1дн_ХАК_90х_МЖ_55+_CPM;FM;55;75;;CPM
1289606;Пенсионеры, Расписание, Новосиб;FM;45;75;;CPC
2706890;Пенс_КлючиПенс_МСК_90х_МЖ_55+;FM;55;75;;CPC
3916661;Ден_РМ1дн_Рег_90х_МЖ_45-54;FM;45;54;;CPC
1280633;Пенсионеры, РМ, ключи, Челябинская;FM;45;75;;CPC
5333821;Ден_Доход3_рег04_1080х_Ж_45-54;F;45;54;;CPC
5194006;Пенс_PKWART1-7дн_М-МО_1080х_МЖ_55+;FM;55;75;;CPC
4905622;Ден_PKWART1-3дн_РегХИТ_1080х_МЖ_45-54;FM;45;54;;CPC
5255495;Пенс_PKWSCB1-3дн_ХИТ05_90х_МЖ_55+;FM;55;75;;CPC
812311;Пенсионеры Ремаркетинг Ж и М 55+ 08.11;FM;12;75;500;CPC
5228874;Ден_PKWSCB0-1дн_АМР_1080х_МЖ_40-54_CPM;FM;40;54;;CPM
1234355;Пенсионный, ключи (банки), 3 дня;FM;55;75;;CPC
4832215;Ден_Быт_Рег_1080х_МЖ_45-54;FM;45;54;500;CPC
5228876;Ден_PKWSCB0-1дн_ЯРО_1080х_МЖ_40-54_CPM;FM;40;54;;CPM
5239020;Пенс_ART+SCB2-3дн_ТАТ_90х_МЖ_55+_CPM;FM;55;75;;CPM
5238923;Пенс_ART+SCB0-1дн_ВОЛ_90х_МЖ_55+_CPM;FM;55;75;;CPM
3994064;Ден_КлючиКредит-1080х607_Рег_M_45+;M;45;75;3000;CPC
5239031;Пенс_ART+SCB2-3дн_М-МО_90х_МЖ_55+_CPM;FM;55;75;;CPM
5209644;Ден_PKWART1-7дн_ТВЕ_90х_МЖ_40-54;FM;40;54;;CPC
789859;Пенсионеры GIF 55+ 31.10 11-00;FM;55;75;500;CPC
497963;NewUI;FM;18;44;;CPC
5238905;Пенс_ART+SCB0-1дн_ПРИ_90х_МЖ_55+_CPM;FM;55;75;;CPM
4041901;Ден_ДомДача-1080х607_МСК_F_45+;F;45;75;3000;CPC
1287711;20 лет стажа, НЕрм, ключи, Челябинск;FM;45;54;;CPC
2708139;Ден_КлючиБренд_МскОбл_35-44;FM;35;44;;CPC
5333147;Ден_TV1_рег04_1080х_Ж_45-54;F;45;54;;CPC
2708100;Пенс_КлючиБренд_МО_90х_МЖ_55+;FM;55;75;500;CPC
5209647;Ден_PKWART1-7дн_ТОМ_90х_МЖ_40-54;FM;40;54;;CPC
5228715;Ден_PKWART0-1дн_КЕМ_1080х_МЖ_40-54_CPM;FM;40;54;;CPM
3994489;Ден_РМ-1080х607_МСК_M_45+;M;45;75;;CPC
4831812;Пенс_Working_РегХИТ_1080х_МЖ_55+;FM;55;75;500;CPC
5238929;Пенс_ART+SCB0-1дн_КАМ_90х_МЖ_55+_CPM;FM;55;75;;CPM
4041913;Ден_БТехника-1080х607_МскОбл_F_45+;F;45;75;3000;CPC
5216507;Ден_Без_ЧЕЛ_1080х_МЖ_40-54;FM;40;54;2000;CPC
3994240;Ден_КлючиБренд-1080x607_МСК_F_45+;F;45;75;3000;CPC
5260763;Пенс_Working_ХИТ05_1080х_МЖ_55+;FM;55;75;;CPC
5193872;Пенс_PKWART1-7дн_ОМС_1080х_МЖ_55+;FM;55;75;;CPC
5182362;Ден_PKWART1-7дн_ТЮМ_90х_МЖ_40-54;FM;40;54;;CPC
5261473;Ден_Working_ЖЛТ05_1080х_МЖ_40-54;FM;40;54;;CPC
5097511;Пенс_PKWSCB8-30дн_maxCR_240х_МЖ_55+;FM;55;75;1000;CPC
4898645;Ден_PKWART1-3дн_М-МО_90х_МЖ_45-54;FM;45;54;;CPC
3918754;Пенс_КлючиКредит_МскОбл_M_55+;M;55;75;;CPC
3994486;Ден_РМ-1080х607_МскОбл_M_45+;M;45;75;;CPC
1041763;Пенсионеры 55+ 17.02 Пятигорск;FM;55;75;500;CPC
5183426;Пенс_КлючиКредит_БУР_90х_МЖ_55+;FM;55;75;;CPC
4473175;Пенс_РМ7дн_РегЖЛТ_240х_МЖ_55+;FM;55;75;;CPC
788236;Пенсионеры GIF Ремаркетинг 30.10 18-00;FM;12;75;500;CPC
5180498;Ден_КлючиКредит_ОМС_90х_МЖ_40-54;FM;40;54;;CPC
1280613;Пенсионеры, РМ, ключи, +7;FM;45;75;;CPC
637383;Экспресс кредит М;M;45;75;;CPC
5180491;Ден_КлючиКредит_ХАБ_90х_МЖ_40-54;FM;40;54;;CPC
4027420;Ден_Финансы-1080х607_МскОбл_F_45+;F;45;75;3000;CPC
5228696;Ден_PKWART0-1дн_ВОР_1080х_МЖ_40-54_CPM;FM;40;54;;CPM
5209641;Ден_PKWART1-7дн_ЛИП_90х_МЖ_40-54;FM;40;54;;CPC
5332966;Ден_ART1-7дн_ТОМ_90х_МЖ_40-54_5209647;FM;40;54;;CPC
1287941;20 лет стажа, НЕрм, ключи, Алтай;FM;45;54;;CPC
5183436;Пенс_КлючиКредит_АЛТ_90х_МЖ_55+;FM;55;75;;CPC
3918659;Пенс_КлючиБренд_МСК_M_55+;M;55;75;;CPC
5228738;Ден_PKWART0-1дн_РЯЗ_1080х_МЖ_40-54_CPM;FM;40;54;;CPM
4027421;Ден_Финансы-1080х607_МСК_F_44+;F;45;75;3000;CPC
5190459;Пенс_PKWART1-7дн_ХАБ_1080х_МЖ_55+;FM;55;75;;CPC
5183355;Ден_КлючиКредит_АЛТ_90х_МЖ_40-54;FM;40;54;;CPC
3918756;Пенс_КлючиБренд_M_Москва;M;55;75;;CPC
5239016;Пенс_ART+SCB2-3дн_ХАБ_90х_МЖ_55+_CPM;FM;55;75;;CPM
5183352;Ден_КлючиКредит_ЧЕЛ_90х_МЖ_40-54;FM;40;54;;CPC
5228877;Ден_PKWSCB0-1дн_ХАК_1080х_МЖ_40-54_CPM;FM;40;54;;CPM
1041766;Пенсионеры 55+ 17.02 Прокопьевск;FM;45;75;;CPC
5209620;Пенс_КлючиКредит_ЯРО_90х_МЖ_55+;FM;55;75;;CPC
5333826;Пенс_Доход3_рег02_1080х_Ж_55+;F;55;75;;CPC
810972;Пенсионеры GIF Ремаркетинг 08.11;FM;55;75;500;CPC
5194012;Ден_PKWART1-7дн_М-МО_1080х_МЖ_40-54;FM;40;54;;CPC
4831542;Ден_Доход1_РегХИТ_1080х_МЖ_45-54;FM;45;54;500;CPC
3994251;Ден_КлючиБренд-1080x607_Рег_F_45+;F;45;75;3000;CPC
4830763;Ден_КлючиБренд_РегХИТ_1080х_МЖ_45-54;FM;45;54;;CPC
3916770;Ден_РМ7дн_МскОбл_45-54;FM;45;54;;CPC
638445;6 месяцев бесплатно Химки;FM;45;75;;CPC
4473689;Ден_РМ1дн_РегЖЛТ_90х_МЖ_45-54;FM;45;54;;CPC
5239028;Пенс_ART+SCB2-3дн_КРЯ_90х_МЖ_55+_CPM;FM;55;75;;CPM
633529;Профкредит;F;45;75;3000;CPC
5180337;Пенс_КлючиКредит_ХАБ_90х_МЖ_55+;FM;55;75;;CPC
5350030;Пенс_Доход4_рег04_1080х_Ж_45-54;F;45;54;;CPC
5350026;Пенс_Доход4_рег04_1080х_Ж_45-54;F;45;54;;CPC
4459627;Ден_КлючиКредит_РегХИТ_240х_МЖ_45-54;FM;45;54;500;CPC
1272647;Пенсионеры, НЕремаркетинг, БЕЗ, ключи,21;FM;45;75;;CPC
5265976;Пенс_Доход_СПб_1080х_МЖ_65+;FM;65;75;;CPC
5209619;Пенс_КлючиКредит_САХ_90х_МЖ_55+;FM;55;75;;CPC
5209622;Пенс_КлючиКредит_ЛИП_90х_МЖ_55+;FM;55;75;;CPC
1272673;Пенсионеры, МСК, БЕЗ, ключи, 21 мая;FM;55;75;1000;CPC
5333828;Пенс_Доход3_рег04_1080х_Ж_55+;F;55;75;;CPC
4831600;Пенс_Married_Рег_1080х_МЖ_55+;FM;55;75;;CPC
1321265;Профкредит, ключи, 10 дней (26мая);FM;20;54;;CPC
5333108;Пенс_Вышка_рег01_1080х_Ж_55+;F;55;75;;CPC
5183425;Пенс_КлючиКредит_КРЯ_90х_МЖ_55+;FM;55;75;;CPC
5206678;Пенс_Married_регХИТ4_90х_МЖ_55+;FM;55;75;;CPC
5150465;Пенс_Доход_РегХИТ2_90х_МЖ_55+;FM;40;54;;CPC
5209616;Пенс_PKWART1-7дн_КРА_90х_МЖ_55+;FM;55;75;;CPC
5228693;Ден_PKWART0-1дн_КОС_1080х_МЖ_40-54_CPM;FM;40;54;;CPM
4831505;Ден_Доход2_Рег_1080х_МЖ_45-54;FM;45;54;500;CPC
1211203;Вклады Осознанный выбор, Ж, 55-74, 23апр;F;55;74;1665;CPC
4473177;Ден_РМ7дн_РегЖЛТ_240х_МЖ_45-54;FM;45;54;;CPC
829934;Пенсионеры Интересы 55+ 15.11;FM;45;75;1000;CPC
5238925;Пенс_ART+SCB0-1дн_АЛТ_90х_МЖ_55+_CPM;FM;55;75;;CPM
5239032;Пенс_ART+SCB2-3дн_КЕМ_90х_МЖ_55+_CPM;FM;55;75;;CPM
5348955;Ден_NotMarr-Wokr_рег04_1080х_Ж_45-54;F;45;54;;CPC
3918755;Пенс_КлючиКредит_МСК_90х_Ж_55+;F;55;75;2000;CPC
5209617;Пенс_КлючиКредит_ТВЕ_90х_МЖ_55+;FM;55;75;;CPC
2747464;Ден_КлючиКредит_МСК_90х_МЖ_55+;FM;55;75;;CPC
576837;МССУ Ремаркетинг;F;12;75;3400;CPC
3916463;Ден_РМ1дн_МСК_35-44;FM;35;44;;CPC
3918536;Ден_КлючиБренд_МСК_M_35-44;M;35;44;;CPC
5239030;Пенс_ART+SCB2-3дн_ВЛА_90х_МЖ_55+_CPM;FM;55;75;;CPM
5228695;Ден_PKWART0-1дн_АДГ_1080х_МЖ_40-54_CPM;FM;40;54;;CPM
3969082;Ден_РМ_7дн_КредСтр_240*400_гео_F_45-54;F;45;54;;CPC
5333171;Пенс_TV2_рег04_1080х_Ж_55+;F;55;75;;CPC
5304155;Пенс_Доход5_рег02_1080х_Ж_55+;F;55;75;;CPC
4898730;Ден_PKWART4-7дн_Рег_90х_МЖ_45-54;FM;45;54;;CPC
5348407;Ден_ARTSCB0-1дн_рег01_1080х_Ж_45-54;F;45;54;;CPM
5183435;Пенс_КлючиКредит_КОС_90х_МЖ_55+;FM;55;75;;CPC
5348937;Пенс_ART+SCB1-3дн_рег02_1080х_Ж_55+;F;55;75;;CPC
857848;Пенсионеры GIF 55+ 26.11;F;55;75;3000;CPC
5239029;Пенс_ART+SCB2-3дн_АМР_90х_МЖ_55+_CPM;FM;55;75;;CPM
3994057;Ден_КлючиКредит-1080х607_МскОбл_M_45+;M;45;75;3000;CPC
4898513;Пенс_PKWART4-7дн_М-МО_90х_МЖ_55+;FM;55;75;;CPC
5348927;Ден_ART+SCB1-3дн_рег06_1080х_Ж_45-54;F;45;54;;CPC
5304104;Пенс_Married_рег03_1080х_Ж_55+;F;55;75;;CPC
3866422;Ден_КлючиБренд_МСК_55+;FM;55;75;;CPC
862192;Пенсионеры GIF Ремаркетинг 28.11;FM;12;75;5000;CPC
4829302;Ден_РМ30дн_Рег_1080х_МЖ_45-54;FM;45;54;;CPC
753266;20 лет стажа Ремаркетинг+Интересы;FM;45;54;500;CPC
4906219;Пенс_PKWART1-3дн_РегХИТ_240х_МЖ_55+;FM;55;75;;CPC
5333827;Пенс_Доход3_рег03_1080х_Ж_55+;F;55;75;;CPC
820516;Пенсионеры GIF Ремаркетинг 12.11;FM;12;75;1000;CPC
5319698;Ден_Working_рег03_1080х_Ж_45-54;F;45;54;;CPC
3866160;Ден_РМ30дн_Рег_90х_МЖ_45-54;FM;45;54;;CPC
1297371;Пенсионеры, НЕрм, РФ, ключи, БЕЗ, Ж;F;55;75;;CPC
5319713;Пенс_Marr-NotWork_рег01_1080х_Ж_55+;F;55;75;;CPC
5332968;Ден_Married_ЖЛТ05_1080х_МЖ_40-54_5261488;FM;40;54;;CPC
1298249;Пенсионеры, РМ, РФ, Жен;F;45;75;;CPC
5124533;Пенс_PKWART1-3дн_РегХИТ_90х_МЖ_55+_CPM;FM;55;75;1000;CPM
5228892;Ден_PKWSCB0-1дн_ИВА_1080х_МЖ_40-54_CPM;FM;40;54;;CPM
812321;Пенсионеры GIF Ремаркетинг 8.11;FM;12;75;500;CPC
5206664;Пенс_PKWART1-7дн_регХИТ4_90х_МЖ_55+;FM;55;75;;CPC
411299;CPC_OK;FM;45;75;;CPC
2747395;Ден_РМ30дн_Рег_55+;FM;55;75;500;CPC
5182468;Пенс_PKWART1-7дн_ХАБ_90х_МЖ_55+;FM;55;75;;CPC
5209614;Пенс_PKWART1-7дн_ТОМ_90х_МЖ_55+;FM;55;75;;CPC
3916772;Ден_РМ7дн_МСК_35-44;FM;35;44;;CPC
4898659;Ден_PKWART4-7дн_М-МО_90х_МЖ_45-54;FM;45;54;2000;CPC
5183430;Пенс_КлючиКредит_КЕМ_90х_МЖ_55+;FM;55;75;;CPC
5266004;Ден_Доход_СПб_1080х_МЖ_40-44;FM;40;44;;CPC
5348472;Пенс_ART+SCB0-1дн_рег04_1080х_Ж_55+;F;55;75;;CPC
5265979;Пенс_Доход_ЛО_1080х_МЖ_65+;FM;65;75;;CPC
1255104;Пенсионеры, РМ, Интересы, МО, 15мая;FM;55;75;;CPC
831790;Пенсионеры Ремаркетинг 55+ 16.11;FM;55;75;500;CPC
1312357;20 лет стажа, GIF, РМ, Интересы;FM;45;54;;CPC
3994628;Ден_РМ-1080х607_Рег_F_35-44;F;35;44;3000;CPC
5206689;Ден_Married_регХИТ4_90х_МЖ_40-54;FM;40;54;;CPC
576825;Экспресс Ремаркетинг;FM;20;75;2500;CPC
5276274;Пенс_Доход_ТЕСТ05-1_1080х_МЖ_55+;FM;55;75;2000;CPC
1246658;Пенсионный, около (сад), 4 дня;FM;55;75;500;CPC
720477;20 лет стажа Ремаркетинг Ж 45+;F;45;54;500;CPC
5350012;Ден_Доход4_рег04_1080х_Ж_45-54;F;45;54;;CPC
5348402;Ден_ARTSCB0-1дн_рег01_1080х_Ж_45-54;F;45;54;;CPM
862306;Пенсионеры Ремаркетинг 28.11;FM;12;75;1500;CPC
5350027;Пенс_Доход4_рег04_1080х_Ж_45-54;F;45;54;;CPC
5260898;Ден_Доход_ХИТ05_1080х_МЖ_40-54;FM;40;54;;CPC
3918759;Пенс_КлючиКредит_Рег_90х_M_55+;M;55;75;;CPC
569552;Кредит пенсионерам;FM;45;75;5000;CPC
4898526;Пенс_PKWART1-3дн_РегХИТ_90х_МЖ_55+;FM;55;75;;CPC
5149876;Пенс_PKWSCB8-30дн_РегХИТ_1080х_МЖ_55+;FM;55;75;;CPC
5260741;Ден_Working_ХИТ05_90х_МЖ_40-54;FM;40;54;;CPC
5348940;Пенс_ART+SCB1-3дн_рег04_1080х_Ж_55+;F;55;75;;CPC
1235233;Пенсионный, ключи (нет денег), 7 дней;FM;20;75;500;CPC
767882;20 лет стажа ключи М и Ж 45+;FM;45;54;1000;CPC
836021;Пенсионеры GIF Ремаркетинг 18.11;FM;12;75;500;CPC
5348925;Ден_ART+SCB1-3дн_рег05_1080х_Ж_45-54;F;45;54;;CPC
5339076;Ден_ПотребКредит_рег04_1080х_М_45-54;M;45;54;;CPC
5350024;Пенс_Доход4_рег04_1080х_Ж_55+;F;55;75;;CPC
5348922;Ден_ART+SCB1-3дн_рег02_1080х_Ж_45-54;F;45;54;;CPC
720496;Пенсионеры Ж 55+;F;55;75;500;CPC
744681;Пенсионеры Ремаркетинг Ж и М 55+;FM;12;75;2410;CPC
5255503;Ден_PKWSCB1-3дн_ХИТ05_90х_МЖ_40-54;FM;40;54;;CPC
5339087;Пенс_ПотребКредит_рег01_1080х_М_55+;M;55;75;;CPC
5257693;Пенс_КлючиТопмайл_ХИТ05_90х_МЖ_55+;FM;55;75;;CPM
4829371;Пенс_РМ1дн_Рег_1080х_МЖ_55+;FM;55;75;;CPC
5206686;Пенс_Working_регХИТ4_90х_МЖ_55+;FM;55;75;;CPC
5348964;Пенс_NotMarr-Wokr_рег01_1080х_Ж_55+;F;55;75;;CPC
1273579;20 лет стажа, ремаркетинг, БЕЗ, ключи;FM;45;54;;CPC
5348965;Пенс_NotMarr-Wokr_рег02_1080х_Ж_55+;F;55;75;;CPC
5124569;Ден_РМ30дн_РегХИТ_90х_МЖ_35-44_CPM;FM;35;44;1000;CPM
4459700;Пенс_КлючиКредит_РегХИТ_90х_Ж_55+;F;55;75;;CPC
5305554;Пенс_Доход4_рег04_1080х_Ж_55+;F;55;75;;CPC
5304034;Ден_PKWSCB1-3дн_рег01_1080х_Ж_45-54;F;45;54;;CPC
5260750;Пенс_Married_ХИТ05_1080х_МЖ_55+;FM;55;75;;CPC
1034751;Пенсионеры Ремаркетинг Ж 55+ 14.02;F;20;75;500;CPC
1231668;Пенсионеры, Группа: Дача, 03.05;FM;55;75;;CPC
5097512;Пенс_PKWSCB4-7дн_maxCR_240х_МЖ_55+;FM;55;75;1000;CPC
5182539;Пенс_PKWART1-7дн_МО_90х_МЖ_55+;FM;55;75;;CPC
4832240;Пенс_Быт_Рег_1080х_МЖ_55+;FM;55;75;2000;CPC
5348473;Пенс_ART+SCB0-1дн_рег05_1080х_Ж_55+;F;55;75;;CPC
5348474;Пенс_ART+SCB0-1дн_рег06_1080х_Ж_55+;F;55;75;;CPC
4905597;Ден_PKWART4-7дн_Рег_1080х_МЖ_45-54;FM;45;54;;CPC
5304018;Ден_PKWART1-3дн_рег02_1080х_Ж_45-54;F;45;54;;CPC
5304066;Пенс_РМ3дн_рег03_1080х_Ж_55+;F;55;75;;CPC
788282;Пенсионеры GIF Ремаркетинг 30.10 20-00;FM;12;75;500;CPC
4473547;Ден_РМ-1080х607_РегЖЛТ_M_45+;M;45;75;;CPC
5335217;Ден_ПотребКредит_рег01_1080х_Ж_45-54;F;45;54;;CPC
5348401;Ден_ARTSCB0-1дн_рег01_1080х_Ж_45-54;F;45;54;;CPM
1246819;Пенсионный, около (сад), 9 дней;FM;55;75;500;CPC
5336583;Пенс_ART1-3дн_рег03_1080х_МЖ_55+_CPM;FM;55;75;;CPM
4831615;Пенс_Доход1_Рег_1080х_МЖ_55+;FM;55;75;;CPC
829866;Пенсионеры Ремаркетинг 15.11;FM;12;75;1000;CPC
5257684;Ден_КлючиТопмайл_ХИТ05_1080х_МЖ_40-54;FM;40;54;;CPM
5261438;Пенс_Доход_ЖЛТ05_1080х_МЖ_55+;FM;55;75;;CPC
3918762;Пенс_КлючиКредит_Рег_F_55+;F;55;75;;CPC
767865;Пенсионеры ключевики 55+;FM;55;75;500;CPC
5083486;Ден_PKWART8-30дн_регХИТ03_90х_МЖ_45-54;FM;45;54;;CPC
4906455;Ден_PKWART4-7дн_РегХИТ_240x_МЖ_45-54;FM;45;54;;CPC
1064523;Пенсионеры 55+ 24.02 ключи;FM;55;75;500;CPC
5333111;Пенс_Вышка_рег04_1080х_Ж_55+;F;55;75;;CPC
5097513;Пенс_PKWSCB1-3дн_maxCR_240х_МЖ_55+;FM;55;75;1000;CPC
818057;Пенсионеры GIF Ремаркетинг 11.11 21-00;FM;12;75;5000;CPC
3994493;Ден_РМ-1080х607_МскОбл_F_45+;F;45;75;;CPC
754548;20 лет стажа GIF Ремаркетинг;FM;45;54;500;CPC
5258010;Ден_КлючиТопмайл_ЖЛТ05_1080х_МЖ_40-54;FM;40;54;;CPC
1075664;Пенсионеры Ремаркетинг 55+ 26.02;FM;20;75;500;CPC
1173607;Профкредит, ключи, 14 дней;FM;45;54;;CPC
857961;Пенсионеры GIF Ремаркетинг 26.11;FM;12;75;1000;CPC
838268;20 лет стажа, РМ, интересы 19.11;FM;45;54;;CPC
5258012;Пенс_КлючиТопмайл_ЖЛТ05_90х_МЖ_55+;FM;55;75;;CPC
5261436;Ден_Доход_ЖЛТ05_1080х_МЖ_40-54;FM;40;54;;CPC
3918735;Пенс_КлючиБренд_Рег_M_55+;M;55;75;;CPC
5238897;Пенс_ART+SCB0-1дн_ТАТ_90х_МЖ_55+_CPM;FM;55;75;;CPM
5348430;Ден_ART+SCB0-1дн_рег03_1080х_Ж_45-54;F;45;54;;CPC
1280631;Пенсионеры, неРМ, ключи, Челябинская;FM;45;75;;CPC
4831557;Пенс_Working_Рег_1080х_МЖ_55+;FM;55;75;500;CPC
4831517;Ден_Доход3_Рег_1080х_МЖ_45-54;FM;45;54;2000;CPC
3916698;Ден_РМ3дн_МскОбл_35-44;FM;35;44;;CPC
754570;Пенсионеры GIF Ремаркетинг;FM;12;75;2000;CPC
4831834;Пенс_NotWorking_РегХИТ_1080х_МЖ_55+;FM;55;75;500;CPC
779990;20 лет стажа GIF, РМ, инт. 25.10;FM;45;54;;CPC
4010552;КАЯК-Тест_M;M;45;75;500;CPC
1064491;Пенсионеры, РМ, GIF 55+ 24.02;FM;55;75;;CPC
4832195;Ден_Финансы_Рег_1080х_МЖ_45-54;FM;45;54;;CPC
411301;ОК_CPC_35-44;FM;35;44;;CPC
5194011;Ден_PKWART1-7дн_М-МО_1080х_МЖ_40-54;FM;40;54;;CPC
5211288;Пенс_Без_ПРИ_1080х_МЖ_55+;FM;55;75;;CPC
2706884;Пенс_КлючиПенс_Рег_55+;FM;55;75;500;CPC
1280623;Пенсионеры, РМ, ключи, +3;FM;45;75;;CPC
1235224;Пенсионный, ключи (нет денег), 3 дня;FM;20;75;;CPC
607271;Max доход Регионы;F;45;75;500;CPC
5124701;Пенс_Доход1_Рег_1080х_МЖ_55+_CPM;FM;55;75;1000;CPM
5336579;Пенс_ART1-3дн_рег01_1080х_МЖ_55+_CPM;FM;55;75;;CPM
3916663;Ден_РМ1дн_Рег_90х_МЖ_35-44;FM;35;44;;CPC
5348428;Ден_ART+SCB0-1дн_рег01_1080х_Ж_45-54;F;45;54;;CPC
5304102;Пенс_Married_рег01_1080х_Ж_55+;F;55;75;;CPC
5265997;Ден_Доход_СПб_1080х_МЖ_50-54;FM;50;54;;CPC
1040943;Пенсионеры Ремаркетинг 55+ 17.02 13-00;FM;20;75;500;CPC
5348936;Пенс_ART+SCB1-3дн_рег01_1080х_Ж_55+;F;55;75;;CPC
3994626;Ден_РМ-1080х607_Рег_M_35-44;M;35;44;3000;CPC
3994498;Ден_РМ-1080х607_Рег_F_45+;F;45;75;;CPC
5211286;Пенс_Без_М-МО_1080х_МЖ_55+;FM;55;75;;CPC
4041914;Ден_БТехника-1080х607_МСК_F_45+;F;45;75;3000;CPC
5348468;Пенс_ART+SCB0-1дн_рег01_1080х_Ж_55+;F;55;75;;CPC
1064535;Пенсионеры ключи gif 55+ 24.02;FM;55;75;500;CPC
3919249;Ден_КлючиКредит_МСК_M_35-44;M;35;44;;CPC
4906119;Пенс_PKWART4-7дн_М-МО_240x_МЖ_55+;FM;55;75;;CPC
4459875;Ден_КлючиКредит_РегХИТ_90х_МЖ_45-54;FM;45;54;;CPC
5048795;Ден_Working_Рег_1080х_МЖ_45-54_CPM;FM;45;54;;CPM
4829445;Пенс_РМ3дн_Рег_1080х_МЖ_55+;FM;55;75;;CPC
5146247;Ден_PKWSCB1-3дн_maxCR_90х_МЖ_45-54;FM;45;54;;CPC
3918737;Пенс_КлючиБренд_Рег_F_55+;F;55;75;;CPC
5146061;Ден_КлючиБренд_Рег_90х_МЖ_40-44;FM;40;44;;CPC
5332962;Ден_Доход_РегХИТ2_90х_МЖ_40-54_5150475;FM;40;54;4000;CPC
787262;Пенсионеры GIF Ремаркетинг 30.10 13-00;FM;12;75;500;CPC
633592;Больше и дешевле Ремаркетинг;FM;20;75;500;CPC
4459491;Ден_КлючиБренд_РегХИТ_90х_МЖ_35-44;FM;35;44;;CPC
1231665;Пенсионеры, Группа: Здоровье, 03.05;FM;55;75;;CPC
4898693;Ден_PKWART4-7дн_РегХИТ_90х_МЖ_45-54;FM;45;54;;CPC
5276280;Пенс_Доход_ТЕСТ05-2_1080х_МЖ_55+;FM;55;75;2000;CPC
720498;Пенсионеры Ремаркетинг Ж 55+;F;12;75;1500;CPC
4459513;Ден_РМ1дн_РегХИТ_90х_МЖ_35-44;FM;35;44;;CPC
5304153;Пенс_Доход5_рег01_1080х_Ж_55+;F;55;75;;CPC
4906154;Пенс_PKWART1-3дн_Рег_240x_МЖ_55+;FM;55;75;;CPC
5255497;Пенс_PKWSCB1-3дн_ХИТ05_1080х_МЖ_55+;FM;55;75;;CPM
5335250;Пенс_ПотребКредит_рег01_1080х_Ж_55+;F;55;75;;CPC
5336976;Ден_SCB1-3дн_рег04_240х_МЖ_45-54_CPM;FM;45;54;;CPM
5261437;Ден_Доход_ЖЛТ05_90х_МЖ_40-54;FM;40;54;;CPC
4829977;Пенс_РМ3дн_РегХИТ_1080х_МЖ_55+;FM;55;75;;CPC
5332961;Ден_SCB1-3дн_maxCR_90х_МЖ_45-54_5146250;FM;45;54;;CPC
1321360;Профкредит, ключи, 5 дней (26мая);FM;20;54;;CPC
810968;Пенсионеры Ремаркетинг+интересы 55+ 8.11;FM;55;75;500;CPC
4829291;Ден_РМ7дн_Рег_1080х_МЖ_45-54;FM;45;54;;CPC
5348941;Пенс_ART+SCB1-3дн_рег05_1080х_Ж_55+;F;55;75;;CPC
5083652;Ден_PKWART8-30дн_РегХИТ03_1080х_МЖ_45-54;FM;45;54;;CPC
598140;Кредиты пенсионерам Ремаркетинг Москва;FM;20;75;;CPC
5261490;Пенс_Married_ЖЛТ05_1080х_МЖ_55+;FM;55;75;;CPC
5343690;Ден_TV1_рег01_1080х_Ж_45-54;F;45;54;;CPC
849065;Пенсионеры GIF Ремаркетинг Ж 22.11;F;12;75;6000;CPC
865602;Пенсионеры GIF Ремаркетинг 29.11;FM;55;75;500;CPC
5319715;Пенс_Marr-NotWork_рег03_1080х_Ж_55+;F;55;75;;CPC
5332955;Пенс_ART1-3дн_Рег_90х_МЖ_55+_4898549;FM;55;75;;CPC
4898561;Пенс_PKWART4-7дн_Рег_90х_МЖ_55+;FM;55;75;;CPC
5276273;Ден_Доход_ТЕСТ05-1_1080х_МЖ_40-54;FM;40;54;3000;CPC
5228720;Ден_PKWART0-1дн_М-МО_1080х_МЖ_40-54_CPM;FM;40;54;2000;CPM
1258582;20 лет стажа, bestCITY, РМ, 16мая;FM;45;55;;CPC
5255501;Ден_ПотребКредит_ХИТ05_1080х_МЖ_40-54;FM;40;54;;CPC
5339084;Ден_ПотребКредит_рег04_1080х_М_45-54;M;45;54;;CPC
5257022;Пенс_ART+SCB1-3дн_ЖЛТ05_1080х_МЖ_55+;FM;55;75;;CPC
5059674;Пенс_PKWART8-30дн_РегХИТ_90х_МЖ_55+;FM;55;75;1000;CPC
2707996;Пенс_КлючиБренд_Рег_90х_МЖ_55+;FM;55;75;;CPC
1231556;20 лет стажа, М+Ж, Интересы, РМ, 03.05;FM;45;54;;CPC
3996193;Ден_NEW_КлючиКредит_Рег_45-54;FM;45;54;;CPC
4459567;Ден_РМ7дн_РегХИТ_240х_МЖ_45-54;FM;45;54;;CPC
5048873;Ден_КлючиКредит_Рег_1080х_МЖ_45-54_CPM;FM;45;54;500;CPM
1075669;Пенсионеры, РМ, интересы, 55+ 26.02;FM;20;75;;CPC
1231512;20 лет стажа, Ж, Интересы, РМ, 03.05;F;45;54;500;CPC
5335222;Ден_ПотребКредит_рег04_1080х_Ж_45-54;F;45;54;;CPC
4459735;Пенс_КлючиКредит_РегХИТ_90х_M_55+;M;55;75;;CPC
411304;ММ_CPC_45+;FM;45;75;;CPC
531385;Ремаркетинг Центральная Россия;FM;45;75;;CPC
4898677;Ден_PKWART1-3дн_РегХИТ_90х_МЖ_45-54;FM;45;54;;CPC
1040953;Пенсионеры Ремаркетинг 55+ 17.02 15-00;FM;20;75;500;CPC
804826;Пенсионеры GIF Ремаркетинг 06.11 12-00;FM;12;75;500;CPC
5332952;Пенс_Финансы_Рег_1080х_Ж_55+_4832236;F;55;75;;CPC
5304037;Пенс_PKWSCB1-3дн_рег01_1080х_Ж_55+;F;55;75;;CPC
5304062;Ден_РМ3дн_рег02_1080х_Ж_45-54;F;45;54;;CPC
1075661;Пенсионеры Ремаркетинг 55+ 26.02;FM;55;75;500;CPC
5319704;Пенс_Working_рег04_1080х_Ж_55+;F;55;75;;CPC
5252055;Ден_PKWART1-7дн_ВЛА_1080х_МЖ_40-54;FM;40;54;;CPM
5335252;Пенс_ПотребКредит_рег03_1080х_Ж_55+;F;55;75;;CPC
5146249;Ден_PKWSCB1-3дн_maxCR_90х_МЖ_45-54;FM;45;54;;CPC
5256740;Ден_ПотребКредит_ЖЛТ05_90х_МЖ_40-54;FM;40;54;;CPC
5336970;Ден_SCB1-3дн_рег01_240х_МЖ_45-54_CPM;FM;45;54;;CPM
862170;20 лет стажа 45-54 28.11;FM;45;54;1500;CPC
808304;Пенсионеры GIF Ремаркетинг 07.11 12-00;FM;12;75;1000;CPC
1235250;Пенсионный, ключи (совком), 7 дней;FM;20;75;;CPC
5332958;Пенс_ART1-3дн_РегХИТ_240х_МЖ_55+_4906219;FM;55;75;;CPC
827087;Пенсионеры GIF Ремаркетинг 13.11 16-00;FM;12;75;3000;CPC
5260897;Пенс_Доход_ХИТ05_90х_МЖ_55+;FM;55;75;;CPC
5187155;Пенс_PKWART1-7дн_ЛО_90х_МЖ_55+;FM;55;75;;CPC
1034749;Пенсионеры Интересы Ж 55+ 14.02;F;45;75;1000;CPC
5257694;Пенс_КлючиТопмайл_ХИТ05_1080х_МЖ_55+;FM;55;75;;CPM
5260748;Пенс_Married_ХИТ05_90х_МЖ_55+;FM;55;75;;CPC
1216014;20 лет стажа Ремаркетинг+Интересы, М ;M;45;75;500;CPC
1235243;Пенсионный, ключи (совком), 3 дня;FM;20;75;;CPC
4829266;Ден_РМ1дн_Рег_1080х_МЖ_45-54;FM;45;54;;CPC
817562;Пенсионеры GIF Ремаркетинг 11.11 18-00;FM;12;75;500;CPC
5146175;Пенс_PKWSCB8-30дн_М-МО_90х_МЖ_55+;FM;55;75;;CPC
5124520;Пенс_PKWART1-3дн_М-МО_90х_МЖ_55+_CPM;FM;55;75;;CPM
865585;Пенсионеры Ремаркетинг 29.11;FM;55;75;500;CPC
4830723;Ден_КлючиБренд_Рег_1080х_МЖ_45-54;FM;45;54;;CPC
5228872;Ден_PKWSCB0-1дн_ТЮМ_1080х_МЖ_40-54_CPM;FM;40;54;;CPM
810942;Пенсионеры GIF М и Ж 55+ 08.11;FM;55;75;500;CPC
4830024;Пенс_РМ30дн_РегХИТ_1080х_МЖ_55+;FM;55;75;;CPC
4054837;Ден_Трафик-1080х607_Рег_F_45+;F;45;75;1000;CPC
4832230;Ден_Быт_РегХИТ_1080х_МЖ_45-54;FM;45;54;500;CPC
3916777;Ден_РМ7дн_Рег_90х_МЖ_35-44;FM;35;44;2000;CPC
5304026;Пенс_PKWART1-3дн_рег03_1080х_Ж_55+;F;55;75;;CPC
4905750;Пенс_PKWART4-7дн_РегХИТ_1080х_МЖ_55+;FM;55;75;;CPC
1238160;Пенсионный, ключи (совком), 14 дней;FM;20;75;;CPC
791709;Пенсионеры GIF Ремаркетинг 31.10 19-00;FM;12;75;500;CPC
1324451;20 лет стажа GIF РМ+инт (27мая);FM;45;54;;CPC
2707613;Ден_РМ30дн_Рег_90х_Ж_35-44;F;35;44;;CPC
789877;Пенсионеры GIF 55+ 31.10 12-00;FM;55;75;500;CPC
3866157;Ден_КлючиБренд_Рег_45-54;FM;45;54;;CPC
825614;Пенсионеры GIF Ремаркетинг 13.11 11-00;FM;12;75;500;CPC
827613;Пенсионеры Ремаркетинг+интересы 14.11;FM;55;75;1000;CPC
5303633;Ден+_КлючиБренд_Все*_1080х_Ж_45+;F;45;75;;CPC
787308;Пенсионеры GIF 55+ 30.10 12-00;FM;55;75;500;CPC
3918588;Ден_КлючиБренд_Рег_F_35-44;F;35;44;;CPC
5304024;Пенс_PKWART1-3дн_рег02_1080х_Ж_55+;F;55;75;;CPC
5335251;Пенс_ПотребКредит_рег02_1080х_Ж_55+;F;55;75;;CPC
5333150;Пенс_TV1_рег02_1080х_Ж_55+;F;55;75;;CPC
4459554;Пенс_РМ7дн_РегХИТ_240х_МЖ_55+;FM;55;75;;CPC
1247941;20 лет стажа, РМ, РФ, Муж, 12мая;M;45;55;;CPC
411297;Вклады;FM;35;75;;CPM
5344984;Пенс_Кредит_ЯРОКЕМ_90х_МЖ_55+_CPC;FM;55;75;500;CPC
1075676;Пенсионеры Ремаркетинг 55+ 26.02;FM;55;75;;CPC
4905709;Пенс_PKWART1-3дн_Рег_1080х_МЖ_55+;FM;55;75;;CPC
5255513;Пенс_PKWART1-3дн_ХИТ05_1080х_МЖ_55+;FM;55;75;;CPM
1272807;Пенсионеры, 21-35, ключи (совком)_7;FM;21;35;;CPC
754742;Пенсионеры группы 55+ 25.10;FM;55;75;500;CPC
5097506;Ден_PKWSCB4-7дн_maxCR_240х_МЖ_45-54;FM;45;54;;CPC
816926;Пенсионеры GIF Ремаркетинг 11.11 13-00;FM;12;75;500;CPC
5083517;Пенс_PKWART8-30дн_регХИТ03_240х_МЖ_55+;FM;55;75;;CPC
857952;20 лет стажа Ремаркетинг 26.11;FM;45;75;2189;CPC
811017;20 лет стажа, РМ, Интересы 8.11;FM;45;54;;CPC
1234510;Пенсионный, ключи (банки), 7 дней;FM;20;75;;CPC
5333815;Ден_Доход3_рег01_1080х_Ж_45-54;F;45;54;;CPC
936927;Вклады Осознанный выбор;FM;55;75;2000;CPC
720473;20 лет стажа Ж 45+;F;45;54;1000;CPC
788287;Пенсионеры GIF Ремаркетинг 31.10 3-00;FM;12;75;500;CPC
804932;Пенсионеры GIF Ремаркетинг 06.11 13-00;FM;12;75;500;CPC
862217;20 лет стажа 45+ 28.11;FM;45;75;1000;CPC
5304103;Пенс_Married_рег02_1080х_Ж_55+;F;55;75;;CPC
5255512;Пенс_PKWART1-3дн_ХИТ05_90х_МЖ_55+;FM;55;75;;CPC
5146250;Ден_PKWSCB1-3дн_maxCR_90х_МЖ_45-54;FM;45;54;;CPC
4830880;Пенс_КлючиКредит_Рег_1080х_МЖ_55+;FM;55;75;500;CPC
1040976;Пенсионеры Ремаркетинг 55+ 17.02 16-00;FM;55;75;500;CPC
4473668;Пенс_РМ1дн_РегЖЛТ_90х_МЖ_55+;FM;55;75;;CPC
5083487;Ден_PKWART4-7дн_регХИТ03_90х_МЖ_45-54;FM;45;54;;CPC
3919272;Ден_КлючиКредит_Рег_90х_Ж_35-44;F;35;44;;CPC
5333153;Пенс_TV1_рег04_1080х_Ж_55+;F;55;75;;CPC
5149791;Ден_PKWSCB8-30дн_РегХИТ_1080х_МЖ_40-54;FM;40;54;;CPC
569583;Кредит пенсионерам ремаркетинг;FM;20;75;3288;CPC
5260899;Ден_Доход_ХИТ05_90х_МЖ_40-54;FM;40;54;;CPC
5332950;Ден_РМ1дн_Рег_90х_МЖ_45-54_3916661;FM;45;54;;CPC
822748;Пенсионеры GIF Ремаркетинг 13.11 14-00;FM;12;75;1000;CPC
5083488;Ден_PKWART1-3дн_регХИТ03_90х_МЖ_45-54;FM;45;54;;CPC
720472;20 лет стажа Ремаркетинг М 45+;M;12;75;1000;CPC
4459494;Ден_РМ30дн_РегХИТ_90х_МЖ_35-44;FM;35;44;;CPC
786855;Пенсионеры GIF Ремаркетинг 30.10;FM;12;75;500;CPC
818084;Пенсионеры GIF Ремаркетинг 11.11 24-00;FM;12;75;1000;CPC
4459518;Ден_РМ30дн_РегХИТ_90х_МЖ_45-54;FM;45;54;;CPC
788284;Пенсионеры GIF Ремаркетинг 31.10 1-00;FM;12;75;500;CPC
5332960;Ден_ART1-3дн_РФ_90х_МЖ_40-44_5146025;FM;40;44;;CPC
5257685;Ден_КлючиТопмайл_ХИТ05_90х_МЖ_40-54;FM;40;54;;CPC
571880;Экспресс кредит Ж;F;45;75;3500;CPC
5048809;Ден_КлючиКредит_РегХИТ_90х_МЖ_35-44_CPM;FM;35;44;;CPM
4831458;Ден_Married_Рег_1080х_МЖ_45-54;FM;45;54;;CPC
859948;Пенсионеры GIF 55+ 27.11;FM;55;75;1000;CPC
5333168;Пенс_TV2_рег01_1080х_Ж_55+;F;55;75;;CPC
5304038;Пенс_PKWSCB1-3дн_рег02_1080х_Ж_55+;F;55;75;;CPC
5256727;Ден_ART+SCB1-3дн_ЖЛТ05_90х_МЖ_40-54;FM;40;54;;CPC
779917;Пенсионеры GIF Ремаркетинг 25.10;FM;12;75;500;CPC
1215632;Вклады Осознанный выбор, М, 55-74, 25апр;M;55;74;1667;CPC
816946;Пенсионеры GIF Ремаркетинг 11.11 14-00;FM;12;75;500;CPC
5150475;Ден_Доход_РегХИТ2_90х_МЖ_40-54;FM;40;54;1000;CPC
5350191;Ден_Доход5_рег03_1080х_Ж_45-54;F;45;54;;CPC
5350218;Пенс_Доход5_рег06_1080х_Ж_55+;F;55;75;;CPC
5350214;Пенс_Доход5_рег03_1080х_Ж_55+;F;55;75;;CPC
5350213;Пенс_Доход5_рег02_1080х_Ж_55+;F;55;75;;CPC
5350216;Пенс_Доход5_рег05_1080х_Ж_55+;F;55;75;;CPC
5305438;Пенс_Married_рег04_1080х_Ж_55+;F;55;75;;CPC
5276279;Ден_Доход_ТЕСТ05-2_1080х_МЖ_40-54;FM;40;54;2000;CPC
5304039;Пенс_PKWSCB1-3дн_рег03_1080х_Ж_55+;F;55;75;;CPC
4832246;Пенс_Финансы_РегХИТ_1080х_МЖ_55+;FM;55;75;500;CPC
3936765;test1;FM;55;75;;CPC
5348966;Пенс_NotMarr-Wokr_рег03_1080х_Ж_55+;F;55;75;;CPC
754736;20 лет стажа Группы М и Ж 45+;FM;45;54;1380;CPC
835038;Пенсионеры Ремаркетинг 55+ 18.11;FM;20;75;1500;CPC
4025276;Пенс_Не были на сайте_Рег_Ж55+;F;55;75;2000;CPC
5333129;Ден_Вышка_рег01_1080х_Ж_45-54;F;45;54;;CPC
5348921;Ден_ART+SCB1-3дн_рег01_1080х_Ж_45-54;F;45;54;;CPC
3994067;Ден_КлючиКредит-1080х607_Рег_F_45+;F;45;75;1500;CPC
4830734;Ден_КлючиКредит_Рег_1080х_МЖ_45-54;FM;45;54;;CPC
5060020;Ден_PKWART8-30дн_РегХИТ_90х_МЖ_45-54;FM;45;54;1000;CPC
4831925;Пенс_Доход1_РегХИТ_1080х_МЖ_55+;FM;55;75;;CPC
5187156;Пенс_PKWART1-7дн_СПб_90х_МЖ_55+;FM;55;75;;CPC
5305447;Пенс_Доход5_рег04_1080х_Ж_55+;F;55;75;;CPC
5149868;Пенс_PKWSCB1-30дн_maxCR_1080х_МЖ_55+;FM;55;75;;CPC
1312350;20 лет стажа, НЕрм, Интересы, ключи, РФ;FM;45;54;;CPC
5336581;Пенс_ART1-3дн_рег02_1080х_МЖ_55+_CPM;FM;55;75;;CPM
5319711;Ден_Marr-NotWork_рег04_1080х_Ж_45-54;F;45;54;;CPC
1075680;Пенсионеры Ремаркетинг 55+ 26.02;FM;55;75;500;CPC
5048859;Ден_КлючиКредит_РегХИТ_90х_МЖ_45-54_CPM;FM;45;54;500;CPM
3866147;Ден_КлючиКредит_МСК_45-54;FM;45;54;;CPC
4010553;КАЯК-Тест_F;F;45;75;500;CPC
5304061;Ден_РМ3дн_рег01_1080х_Ж_45-54;F;45;54;;CPC
886577;20 лет стажа 45+ GIF Ремаркетинг 6.12;FM;45;75;1000;CPC
5304023;Пенс_PKWART1-3дн_рег01_1080х_Ж_55+;F;55;75;;CPC
633537;Профкредит Ремаркетинг;FM;12;75;;CPC
5319700;Пенс_Working_рег01_1080х_Ж_55+;F;55;75;;CPC
5150342;Пенс_Доход_РегХИТ2_240х_МЖ_55+;FM;55;75;1000;CPC
4831572;Пенс_NotWorking_Рег_1080х_МЖ_55+;FM;55;75;500;CPC
5260740;Ден_Working_ХИТ05_1080х_МЖ_40-54;FM;40;54;;CPC
4459921;Пенс_КлючиБренд_РегХИТ_90х_МЖ_55+;FM;55;75;;CPC
4829941;Пенс_РМ1дн_РегХИТ_1080х_МЖ_55+;FM;55;75;;CPC
5261489;Ден_Married_ЖЛТ05_90х_МЖ_40-54;FM;40;54;;CPC
1037117;Пенсионеры Ремаркетинг 55+ 14.02;F;45;75;1000;CPC
783122;Пенсионеры Ремаркетинг Ж и М 55+ 28.10;FM;12;75;500;CPC
3919273;Ден_КлючиКредит_Рег_M_35-44;M;35;44;;CPC
4459830;Пенс_РМ3дн_РегХИТ_90х_МЖ_55+;FM;55;75;;CPC
1328818;Пенсионеры, ключи, 5 дней (27мая);FM;20;75;;CPC
5083526;Ден_PKWART4-7дн_РегХИТ03_240х_МЖ_45-54;FM;45;54;;CPC
3866138;Ден_КлючиКредит_Рег_90х_МЖ_45-54;FM;45;54;;CPC
5149771;Ден_PKWSCB1-30дн_maxCR_1080х_МЖ_40-54;FM;40;54;;CPC
789887;Пенсионеры GIF 55+ 31.10 13-00;FM;55;75;500;CPC
4404551;Ден_КлючиБренд_240*400_Рег_M/F_45-54;FM;45;54;;CPC
5304146;Ден_Доход5_рег01_1080х_Ж_45-54;F;45;54;;CPC
4898534;Пенс_PKWART4-7дн_РегХИТ_90х_МЖ_55+;FM;55;75;;CPC
4459525;Пенс_КлючиБренд_РегХИТ_240х_МЖ_55+;FM;55;75;;CPC
5260738;Ден_Married_ХИТ05_90х_МЖ_40-54;FM;40;54;;CPC
5187160;Пенс_КлючиКредит_ЛО_90х_МЖ_55+;FM;55;75;;CPC
5333169;Пенс_TV2_рег02_1080х_Ж_55+;F;55;75;;CPC
1324468;20 лет стажа, НЕрм, БЕЗ, ключи (27мая);FM;45;54;;CPC
5332971;Пенс_Married_рег01_1080х_Ж_55+_5304102;F;55;75;;CPC
1312368;Пенсионеры, РФ, БЕЗ, околотем;FM;45;75;;CPC
831801;Пенсионеры GIF Ремаркетинг 16.11;FM;12;75;500;CPC
5348968;Пенс_NotMarr-Wokr_рег05_1080х_Ж_55+;F;55;75;;CPC
4906433;Ден_PKWART4-7дн_Рег_240x_МЖ_45-54;FM;45;54;2000;CPC
4041899;Ден_ДомДача-1080х607_МскОбл_F_45+;F;45;75;3000;CPC
5336559;Ден_ART1-3дн_рег02_1080х_МЖ_45-54_CPM;FM;45;54;;CPM
1323309;Профкредит, ключи, околотем (26мая);FM;20;54;;CPC
783110;Пенсионеры группы+интересы 55+ 28.10;FM;55;75;500;CPC
4027422;Ден_Финансы-1080х607_Рег_F_44+;F;45;75;3000;CPC
5348938;Пенс_ART+SCB1-3дн_рег03_1080х_Ж_55+;F;55;75;;CPC
